:020000040800F2
:1000000000800020E10D0008870900088D09000824
:1000100093090008990900089F09000800000000E2
:10002000000000000000000000000000A50900081A
:10003000B309000800000000C1090008CF0900084A
:10004000310E0008310E0008310E0008310E000894
:10005000310E0008310E0008310E0008310E000884
:10006000310E0008310E0008310E0008DD090008CD
:10007000310E0008310E0008310E0008310E000864
:10008000310E000800000000F1090008310E0008E0
:10009000310E0008310E0008310E0008310E000844
:1000A000310E0008310E0008310E0008310E000834
:1000B000310E0008310E0008310E0008310E000824
:1000C000310E0008310E0008310E0008310E000814
:1000D000310E0008310E0008310E0008310E000804
:1000E000310E0008310E0008310E0008310E0008F4
:1000F000310E0008310E0008310E0008000000002B
:1001000000000000310E000800000000310E000861
:10011000310E000800000000310E0008310E00080A
:10012000310E0008310E0008310E0008310E0008B3
:10013000310E00080000000000000000310E000831
:10014000310E0008310E0008000000000000000021
:10015000000000000000000000000000000000009F
:10016000000000000000000000000000310E000848
:10017000310E000800000000000000000000000038
:1001800000000000310E0008000000000000000028
:10019000000000000000000000000000000000005F
:1001A0000000000000000000310E0008310E0008C1
:1001B000310E0008310E0008050A0008000000009A
:1001C00000000000310E00080000000000000000E8
:0801D000310E0008310E000899
:1001D80080B483B000AF78604FF0904320229A61DA
:1001E80000BF00BF00BF00BF00BF00BF4FF090437B
:1001F8004FF400129A61054B1B680133034A1360E0
:1002080000BF0C37BD465DF8047B704770010020C5
:1002180080B500AF00F009FE00F038F800F044FBAC
:1002280000F010FB00F088F800F03AF900F046FA08
:100238000021124806F092F80421104806F08EF8C2
:1002480008210E4806F08AF800210C4808F0D8FE6C
:1002580004210A4808F0D4FE0821084808F0D0FE16
:100268000021074805F0C8FD7F21064800F0A2FEDE
:1002780003220549034801F0A5FEFEE7D800002047
:10028800240100200C0000207401002080B594B0E7
:1002980000AF07F1180338220021184609F0AAFA1E
:1002A8003B1D00221A605A609A60DA601A610020C9
:1002B80005F0A4FA0223BB614FF480737B624023EC
:1002C800BB6202237B630223BB630423FB635523C6
:1002D8003B6402237B640223BB640223FB6407F1B3
:1002E8001803184604F008F80346002B14BF01232E
:1002F8000023DBB2002B01D000F02CFB0F237B6026
:100308000323BB600023FB6000233B6100237B6168
:100318003B1D0421184604F0FBFB0346002B14BFC9
:1003280001230023DBB2002B01D000F013FB00BF38
:100338005037BD4680BD000080B58CB000AF07F1D6
:10034800240300221A605A609A603B1D2022002173
:10035800184609F04FFA4E4B4FF0A0421A604C4B2A
:100368004FF440325A604A4B00229A60484B0022B0
:10037800DA60474B00221A61454B01225A61444B0F
:1003880008229A61424B00221A77414B00225A7781
:100398003F4B03221A623E4B002283F824203C4B39
:1003A8004FF49062DA623A4B4FF480621A63384B2A
:1003B800012283F83820364B4FF48052DA63344BED
:1003C800002283F84020324801F048FA0346002B07
:1003D80014BF01230023DBB2002B01D000F0BAFACE
:1003E80000237B6207F124031946294800F096FE92
:1003F8000346002B14BF01230023DBB2002B01D0DE
:1004080000F0A8FA234B7B600623BB600023FB6047
:100418007F233B6104237B610023BB613B1D19469D
:100428001B4802F0E9F80346002B14BF0123002300
:10043800DBB2002B01D000F08DFA174B7B600C2348
:10044800BB603B1D1946124802F0D6F80346002B44
:1004580014BF01230023DBB2002B01D000F07AFA8D
:100468000E4B7B601223BB603B1D1946084802F007
:10047800C3F80346002B14BF01230023DBB2002B73
:1004880001D000F067FA00BF3037BD4680BD00BF1D
:100498000C000020400020198000501D0001802120
:1004A80080B59CB000AF07F1600300221A605A6063
:1004B8009A60DA6007F1540300221A605A609A6061
:1004C80007F1380300221A605A609A60DA601A61EC
:1004D8005A619A613B1D34220021184609F08AF9B5
:1004E800744B754A1A60734B00225A60714B002294
:1004F8009A60704B40F6D652DA606E4B00221A6151
:100508006C4B00225A616B4B80229A61694805F056
:1005180039FA0346002B14BF01230023DBB2002B5A
:1005280001D000F017FA4FF480533B6607F16003DF
:100538001946604806F0ACFD0346002B14BF0123A2
:100548000023DBB2002B01D000F004FA594805F073
:10055800E3FD0346002B14BF01230023DBB2002B6D
:1005680001D000F0F7F9534805F024FB0346002BAF
:1005780014BF01230023DBB2002B01D000F0EAF9FD
:1005880030237B650023BB650023FB6507F154031B
:100598001946484808F02CFE0346002B14BF0123D7
:1005A8000023DBB2002B01D000F0D4F96023BB6339
:1005B8006423FB6300233B6400237B640023BB6448
:1005C8000023FB6400233B6507F13803002219462A
:1005D800384806F027FB0346002B14BF01230023ED
:1005E800DBB2002B01D000F0B5F940F6D553FB6320
:1005F80007F13803042219462E4806F013FB034678
:10060800002B14BF01230023DBB2002B01D000F024
:10061800A1F90023FB6307F138030822194625488E
:1006280006F000FB0346002B14BF01230023DBB2B6
:10063800002B01D000F08EF91E4B1B68DA691D4BA8
:100648001B6842F40062DA614FF400637B604FF488
:100658008063BB600023FB6032233B6100237B6126
:100668004FF40053BB610023FB6100233B6200236E
:100678007B624FF00073BB620023FB6200233B6385
:100688004FF480437B633B1D19460A4808F000FF7E
:100698000346002B14BF01230023DBB2002B01D03B
:1006A80000F058F9034800F009FB00BF7037BD4659
:1006B80080BD00BFD8000020002C014080B594B058
:1006C80000AF07F1400300221A605A609A60DA60AE
:1006D80007F12C0300221A605A609A60DA601A61E6
:1006E80007F1200300221A605A609A603B1D00221D
:1006F8001A605A609A60DA601A615A619A614F4BBF
:100708004F4A1A604D4B00225A604C4B00229A60A7
:100718004A4B4FF49B72DA60484B00221A61474BF0
:1007280080229A61454805F02DF90346002B14BF35
:1007380001230023DBB2002B01D000F00BF94FF4AA
:1007480080533B6407F1400319463C4806F0A0FC7F
:100758000346002B14BF01230023DBB2002B01D07A
:1007680000F0F8F8354805F025FA0346002B14BFC9
:1007780001230023DBB2002B01D000F0EBF80821A5
:100788002E4805F07BFF0346002B14BF01230023EE
:10079800DBB2002B01D000F0DDF80623FB6200235A
:1007A8003B6307F12C031946244807F07DF90346FB
:1007B800002B14BF01230023DBB2002B01D000F073
:1007C800C9F830233B620023BB6207F120031946B6
:1007D8001A4808F00DFD0346002B14BF012300231F
:1007E800DBB2002B01D000F0B5F84FF480337B600A
:1007F8004FF49673BB600223FB6000237B613B1DB3
:10080800002219460D4806F05FF80346002B14BF76
:1008180001230023DBB2002B01D000F09BF8074B2B
:100828001B689A69054B1B6842F008029A610348E5
:1008380000F044FA00BF5037BD4680BD24010020B7
:100848000004004080B582B000AF164B9B6C154A7F
:1008580043F004039364134B9B6C03F004037B6025
:100868007B68104B9B6C0F4A43F0010393640D4B5C
:100878009B6C03F001033B603B68002200210B20C6
:1008880004F0DEFC0B2004F005FD002200215E20B0
:1008980004F0D6FC5E2004F0FDFC00BF0837BD461E
:1008A80080BD00BF0010024080B588B000AF07F1DE
:1008B8000C0300221A605A609A60DA601A61234BAE
:1008C800DB6C224A43F00103D364204BDB6C03F05A
:1008D8000103BB60BB681D4BDB6C1C4A43F0020381
:1008E800D3641A4BDB6C03F002037B607B68002245
:1008F80020214FF0904004F051FF2023FB6001239A
:100908003B6100237B610323BB6107F10C0319469C
:100918004FF0904004F0E2FC00224FF479410C487B
:1009280004F03CFF4FF47943FB6001233B61002353
:100938007B610323BB6107F10C031946044804F0EB
:10094800CDFC00BF2037BD4680BD00BF001002406F
:100958000004004880B400AF72B600BFFEE780B55F
:1009680082B000AF78603960012220214FF09040BA
:1009780004F014FF72B600BF00BE00BFFDE780B4EC
:1009880000AFFEE780B400AFFEE780B400AFFEE73B
:1009980080B400AFFEE780B400AFFEE780B400AFDC
:1009A80000BFBD465DF8047B704780B400AF00BF50
:1009B800BD465DF8047B704780B400AF00BFBD46FC
:1009C8005DF8047B704780B500AF00F081FA00BF86
:1009D80080BD000080B500AF024802F09BFF00BF59
:1009E80080BD00BF7800002080B500AF024801F04C
:1009F800ADFB00BF80BD00BF0C00002080B400AF7D
:100A080000BFBD465DF8047B7047000080B582B02A
:100A180000AF0F4B1B6E0E4A43F0010313660C4BDD
:100A28001B6E03F001037B607B68094B9B6D084AD2
:100A380043F080539365064B9B6D03F080533B60F6
:100A48003B6804F08FFF00BF0837BD4680BD00BF7C
:100A58000010024080B59EB000AF786007F16403D3
:100A680000221A605A609A60DA601A6107F120035E
:100A780044220021184608F0BDFE7B681B68B3F1CC
:100A8800A04F40F08A804FF400433B624FF0005380
:100A9800FB6507F12003184603F08EF80346002B88
:100AA80001D0FFF757FF644B1B680133624A13609C
:100AB800614B1B68012B0BD1604BDB6C5F4A43F425
:100AC8000053D3645D4BDB6C03F40053FB61FB699B
:100AD8005A4BDB6C594A43F00403D364574BDB6C25
:100AE80003F00403BB61BB69544BDB6C534A43F00E
:100AF8000203D364514BDB6C03F002037B617B6917
:100B080007237B660323BB660023FB6607F16403A8
:100B180019464B4804F0E2FB01237B660323BB66BE
:100B28000023FB6607F164031946464804F0D6FB28
:100B3800454B464A1A60444B05225A60424B0022F4
:100B48009A60414B0022DA603F4B80221A613E4B8B
:100B58004FF480725A613C4B4FF480629A613A4B71
:100B68002022DA61384B4FF440521A62364802F0BC
:100B7800C9FC0346002B01D0FFF7ECFE7B68324A24
:100B88005A65314A7B68936200220021122004F0E2
:100B980057FB122004F07EFB4AE07B681B682C4A56
:100BA800934245D14FF400433B624FF00053FB653D
:100BB80007F12003184602F0FFFF0346002B01D07F
:100BC800FFF7C8FE1C4B1B6801331B4A13601A4B06
:100BD8001B68012B0BD1194BDB6C184A43F40053EB
:100BE800D364164BDB6C03F400533B613B69134B36
:100BF800DB6C124A43F00103D364104BDB6C03F047
:100C08000103FB60FB6843237B660323BB66002369
:100C1800FB6607F1640319464FF0904004F05EFB51
:100C280000220021122004F00BFB122004F032FBFA
:100C380000BF7837BD4680BD7C010020001002400F
:100C4800000800480004004878000020080002401E
:100C58000001005080B485B000AF78607B681B68E5
:100C6800134A93420CD1134B1B6E124A43F4006390
:100C78001366104B1B6E03F40063FB60FB6810E007
:100C88007B681B680C4A93420BD10A4B9B6D094A3F
:100C980043F002039365074B9B6D03F00203BB60AF
:100CA800BB6800BF1437BD465DF8047B704700BFC2
:100CB800002C0140001002400004004080B58AB0BA
:100CC80000AF786007F1140300221A605A609A6036
:100CD800DA601A617B681B68314A93423AD1314B1A
:100CE800DB6C304A43F00103D3642E4BDB6C03F01A
:100CF80001033B613B692B4BDB6C2A4A43F002033F
:100D0800D364284BDB6C03F00203FB60FB684FF4F1
:100D1800BC537B610223BB610023FB6100233B6260
:100D280006237B6207F1140319464FF0904004F044
:100D3800D5FA02237B610223BB610023FB610023F8
:100D48003B6206237B6207F114031946164804F038
:100D5800C5FA20E07B681B68144A93421BD1114BEB
:100D6800DB6C104A43F00403D3640E4BDB6C03F0D6
:100D78000403BB60BB6840237B610223BB61002383
:100D8800FB6100233B6202237B6207F114031946CF
:100D9800074804F0A3FA00BF2837BD4680BD00BF4E
:100DA800002C0140001002400004004800040040EC
:100DB8000008004880B400AF064BD3F88830054AD5
:100DC80043F47003C2F8883000BFBD465DF8047B69
:100DD800704700BF00ED00E00D488546FFF7EAFFC9
:100DE8000C480D490D4A002302E0D458C45004337E
:100DF800C4188C42F9D30A4A0A4C002301E0136054
:100E08000432A242FBD308F0D1FCFFF701FAFEE757
:100E180000800020000000200C000020F89C000842
:100E28000C00002084010020FEE780B582B000AFEE
:100E38000023FB71032004F0E3F9002000F00EF812
:100E48000346002B02D00123FB7101E0FFF7DEFD12
:100E5800FB7918460837BD4680BD000080B584B0D0
:100E680000AF78600023FB73164B1B68002B22D061
:100E7800154B1A68134B1B684FF47A71B1FBF3F3E7
:100E8800B2FBF3F3184604F01DFA0346002B0FD10A
:100E98007B680F2B09D8002279684FF0FF3004F0E7
:100EA800CFF90A4A7B68136007E00123FB7304E06B
:100EB8000123FB7301E00123FB73FB7B184610370A
:100EC800BD4680BD0800002000000020040000206E
:100ED80080B400AF054B1A68054B1B681344034ADE
:100EE800136000BFBD465DF8047B70478001002099
:100EF8000800002080B400AF034B1B681846BD46AD
:100F08005DF8047B704700BF8001002080B483B087
:100F180000AF78607B689B6803F00103012B01D167
:100F2800012300E0002318460C37BD465DF8047B1A
:100F3800704780B483B000AF786039607B689B6885
:100F480023F0404323F03F033A6802F08042134302
:100F580043F000427B689A6000BF0C37BD465DF8DD
:100F6800047B704780B483B000AF78607B689B686F
:100F780003F00043B3F1004F01D1012300E0002347
:100F880018460C37BD465DF8047B704780B483B0C3
:100F980000AF78607B689B6803F00403042B01D1E1
:100FA800012300E0002318460C37BD465DF8047B9A
:100FB8007047000080B584B000AF786039600023C6
:100FC800BB607B681B68B3F1A04F08D07B681B68C7
:100FD800354A934203D084213448FFF7C0FC3B686C
:100FE8007F2B07D03B68324A934203D085212F4894
:100FF800FFF7B5FC7B6893F85830012B01D1022329
:101008004DE07B68012283F85820786802F086F961
:101018000346FB73FB7B002B36D17B68DB6D23F427
:10102800885323F0020343F002027B68DA657B6889
:101038001B6839681846FFF77CFF14E0BB6801336A
:10104800BB60BB681B4A93420DD97B68DB6D23F0FC
:10105800120343F010027B68DA657B68002283F88C
:10106800582001231BE07B681B681846FFF77AFFAE
:101078000346002BE2D17B68DB6D23F0030343F0CA
:1010880001027B68DA6505E07B68DB6D43F01002DE
:101098007B68DA657B68002283F85820FB7B18465A
:1010A8001037BD4680BD00BF0001005024980008DD
:1010B80000007F4001DE040080B483B000AF786098
:1010C80000BF0C37BD465DF8047B704780B483B021
:1010D80000AF786000BF0C37BD465DF8047B7047F1
:1010E80080B483B000AF786000BF0C37BD465DF8B0
:1010F800047B704780B483B000AF786000BF0C37C2
:10110800BD465DF8047B704780B483B000AF78605B
:1011180000BF0C37BD465DF8047B704790B5A1B0A1
:1011280000AF78603960002387F87F307B681B68E0
:10113800B3F1A04F04D040F64C018B48FFF70FFCE9
:101148003B681B68002B20D03B681B68012B1CD018
:101158003B681B68022B18D03B681B68032B14D014
:101168003B681B68052B10D03B681B68062B0CD00E
:101178003B681B68072B08D03B681B68092B04D009
:1011880040F64D017848FFF7EAFB3B681B68002BE7
:1011980052D03B685B68002B0ED03B685B68B3F5A8
:1011A800004F09D03B685B68B3F5404F04D04FF45B
:1011B80005616D48FFF7D3FB3B689B68002B3BD06C
:1011C8003B689B68B3F5807F36D03B689B68B3F576
:1011D800007F31D03B689B68B3F5407F2CD03B68DB
:1011E8009B68B3F5806F27D03B689B68B3F5A06F09
:1011F80022D03B689B68B3F5C06F1DD03B689B68E5
:10120800B3F5E06F18D03B689B68B3F5006F13D057
:101218003B689B68B3F5106F0ED03B689B68B3F5CD
:10122800206F09D03B689B68B3F5306F04D040F657
:1012380051014D48FFF793FB7B6893F85830012B19
:1012480001D102238BE07B68012283F85820002318
:101258007B660023BB667B681B68B3F1A04F02D195
:10126800424BBB6001E00023BB60BB68002B0BD185
:101278007B68DB6D43F020027B68DA657B680022BF
:1012880083F8582001236AE0BB681846FFF77EFE02
:10129800B8677B681B681846FFF778FE0346002B83
:1012A8004CD1BB6F002B49D1314B7B673B681B6826
:1012B800002B28D07B6F9B6823F460423B685968F9
:1012C8007B6893F838305B030B431A437B6F9A6053
:1012D8004FF0A040FFF71AFE04462448FFF716FE19
:1012E80003462343002B33D17B6F9B6823F4716340
:1012F80023F00F033A6811683A6892680A431A4360
:101308007B6F9A6024E07B6F9B6823F460427B6F5D
:101318009A604FF0A040FFF7F9FD04461348FFF725
:10132800F5FD03462343002B12D17B6F9B6823F402
:10133800716323F00F037A6F936009E07B68DB6DBC
:1013480043F020027B68DA65012387F87F3000E0EC
:1013580000BF7B68002283F8582097F87F30184632
:101368008437BD4690BD00BF249800080001005096
:101378000003005080B483B000AF786039607B68A8
:101388009B6823F47C123B681A437B689A6000BF11
:101398000C37BD465DF8047B704780B483B000AF5E
:1013A800786039607B689B6823F0E0723B681A4379
:1013B8007B689A6000BF0C37BD465DF8047B7047B8
:1013C80080B483B000AF78607B689B6803F0E073FB
:1013D80018460C37BD465DF8047B704780B483B06F
:1013E80000AF78607B68DB6803F0180318460C3799
:1013F800BD465DF8047B704780B487B000AFF860E5
:10140800B9607A603B60FB6860331A46BB689B0032
:1014180013447B617B691A68084B13407A6802F0B1
:10142800F8413A680A43134343F000427B691A6063
:1014380000BF1C37BD465DF8047B704700F0FF0312
:1014480080B485B000AF786039607B6860331A4635
:101458003B689B001344FB60FB681B6803F0F84380
:1014680018461437BD465DF8047B704780B487B0D2
:1014780000AFF860B9607A60FB6860331A46BB68F1
:101488009B0013447B617B691B6823F000427B68E7
:101498001A437B691A6000BF1C37BD465DF8047BA0
:1014A800704780B487B000AFF860B9607A60FB68B5
:1014B80060331A46BB689B0013447B617B691B68D9
:1014C80023F080727B681A437B691A6000BF1C375F
:1014D800BD465DF8047B704780B487B000AFF86004
:1014E800B9607A60FB6860331A46BB689B00134496
:1014F8007B617B691B6823F000727B681A437B69F8
:101508001A6000BF1C37BD465DF8047B704780B485
:1015180083B000AF786039607B685B6923F0004274
:101528003B681A437B685A6100BF0C37BD465DF8BB
:10153800047B704780B483B000AF78607B68DB6859
:1015480003F44063002B01D1012300E00023184677
:101558000C37BD465DF8047B704780B487B000AF98
:10156800F860B9607A60FB6830331A46BB681B0ABA
:101578009B0003F00C0313447B617B691A68BB680A
:1015880003F01F031F2101FA03F3DB431A407B68B2
:101598009B0E03F01F01BB6803F01F0301FA03F35E
:1015A8001A437B691A6000BF1C37BD465DF8047B8F
:1015B800704780B483B000AF78607B68DB6C03F45D
:1015C800C073002B01D1012300E0002318460C371B
:1015D800BD465DF8047B704780B487B000AFF86003
:1015E800B9607A60FB6814331A46BB685B0E9B00CF
:1015F80003F0040313447B617B691A68BB681B0D05
:1016080003F01F03072101FA03F3DB431A40BB6809
:101618001B0D03F01F03796801FA03F31A437B6972
:101628001A6000BF1C37BD465DF8047B7047000098
:1016380080B485B000AFF860B9607A60FB68D3F811
:10164800B020BB68C3F31203DB431A407B6803F086
:1016580018030849D940BB680B40C3F312031A4367
:10166800FB68C3F8B02000BF1437BD465DF8047BA3
:10167800704700BFFFFF070080B483B000AF7860F9
:101688007B689B6803F01F0318460C37BD465DF85E
:10169800047B704780B483B000AF78607B689B6838
:1016A80003F4604318460C37BD465DF8047B704769
:1016B80080B483B000AF78607B689B6823F02043D8
:1016C80023F03F037A68936000BF0C37BD465DF88E
:1016D800047B704780B483B000AF78607B689B68F8
:1016E80003F00053B3F1005F01D1012300E00023B0
:1016F80018460C37BD465DF8047B704780B483B04C
:1017080000AF78607B689B6823F0104323F03F03A9
:1017180043F080527B689A6000BF0C37BD465DF885
:10172800047B704780B483B000AF78607B689B68A7
:1017380003F08053B3F1805F01D1012300E000235F
:1017480018460C37BD465DF8047B704780B483B0FB
:1017580000AF78607B689B6823F0004323F03F0369
:1017680043F001027B689A6000BF0C37BD465DF804
:10177800047B704780B483B000AF78607B689B6857
:1017880023F0004323F03F0343F002027B689A6092
:1017980000BF0C37BD465DF8047B704780B483B04A
:1017A80000AF78607B689B6803F00103012B01D1CF
:1017B800012300E0002318460C37BD465DF8047B82
:1017C800704780B483B000AF78607B689B6803F093
:1017D8000203022B01D1012300E0002318460C3735
:1017E800BD465DF8047B704780B483B000AF786075
:1017F8007B689B6823F0004323F03F0343F0040217
:101808007B689A6000BF0C37BD465DF8047B704763
:1018180080B483B000AF78607B689B6803F00403F2
:10182800042B01D1012300E0002318460C37BD46E4
:101838005DF8047B704780B483B000AF78607B6844
:101848009B6803F00803082B01D1012300E0002363
:1018580018460C37BD465DF8047B704790B589B0D3
:1018680000AF78600023FB770023FB607B68002BC8
:1018780001D10123A1E37B681B68B3F1A04F09D014
:101888007B681B688D4A934204D040F29B118C48B8
:10189800FFF765F87B685B68B3F5803F49D07B68E4
:1018A8005B68B3F5003F44D07B685B68B3F5403FA5
:1018B8003FD07B685B68002B3BD07B685B68B3F5E7
:1018C800802F36D07B685B68B3F5002F31D07B68FA
:1018D8005B68B3F5402F2CD07B685B68B3F5801F3D
:1018E80027D07B685B68B3F5A01F22D07B685B6854
:1018F800B3F5C01F1DD07B685B68B3F5E01F18D037
:101908007B685B68B3F5001F13D07B685B68B3F531
:10191800101F0ED07B685B68B3F5201F09D07B6869
:101928005B68B3F5301F04D04FF4CE716448FFF7FD
:1019380016F87B689B68002B10D07B689B68082B87
:101948000CD07B689B68102B08D07B689B68182B91
:1019580004D040F29D115A48FFF701F87B68DB6814
:10196800002B09D07B68DB68B3F5004F04D04FF437
:10197800CF715348FEF7F3FF7B681B6944F20902F5
:10198800934204D940F29F114D48FEF7E8FF7B6867
:101998005B69002B08D07B685B69012B04D04FF48E
:1019A800D0714748FEF7DBFF7B685B7F002B08D0D0
:1019B8007B685B7F012B04D040F2A1114048FEF701
:1019C800CEFF7B681B6B002B13D07B681B6BB3F5BA
:1019D800806F0ED07B681B6BB3F5006F09D07B68F6
:1019E8001B6BB3F5406F04D04FF4D1713448FEF748
:1019F800B6FF7B68DB6AB3F5A46F63D07B68DB6AEC
:101A0800B3F5A86F5ED07B68DB6AB3F5806F59D0F9
:101A18007B68DB6AB3F5846F54D07B68DB6AB3F507
:101A2800886F4FD07B68DB6AB3F5AC6F4AD07B68B0
:101A3800DB6AB3F58C6F45D07B68DB6AB3F5906FD2
:101A480040D07B68DB6AB3F5BC6F3BD07B68DB6A50
:101A5800B3F5B06F36D07B68DB6AB3F5946F31D0DD
:101A68007B68DB6AB3F5B46F2CD07B68DB6AB3F5AF
:101A7800F86F27D07B68DB6AB3F59C6F22D07B6850
:101A8800DB6AB3F5A06F1DD07B68DB6AB3F5B86F6E
:101A980018D07B68DB6AB3F5F46F13D07B68DB6A18
:101AA800B3F5986F0ED07B68DB6A002B0AD040F242
:101AB800A3110348FEF753FF04E000BF00010050E4
:101AC800A09800087B685B6B002B0ED07B685B6B73
:101AD800B3F1806F09D07B685B6BB3F1006F04D002
:101AE8004FF4D2715D48FEF73AFF7B6893F83830BF
:101AF800002B09D07B6893F83830012B04D040F2D2
:101B0800A5115648FEF72BFF7B689B69042B08D06C
:101B18007B689B69082B04D04FF4D3714F48FEF7BC
:101B28001EFF7B68DB6B002B09D07B68DB6BB3F592
:101B3800805F04D040F2A7114848FEF710FF7B6889
:101B48001B7F002B08D07B681B7F012B04D04FF430
:101B5800D4714248FEF703FF7B6893F84030002BAE
:101B680009D07B6893F84030012B04D040F2A911CA
:101B78003A48FEF7F4FE7B685B69002B2DD07B6842
:101B88001B6A002B03D07B681B6A102B04D940F218
:101B9800AD113248FEF7E3FE7B6893F82430002B42
:101BA80009D07B6893F82430012B04D04FF4D77107
:101BB8002A48FEF7D4FE7B6893F82430012B0CD119
:101BC8007B689B6A002B03D07B689B6A082B04D92F
:101BD8004FF4D9712148FEF7C2FE7B6893F8243090
:101BE800012B08D17B685B7F012B04D140F2B71130
:101BF8001A48FEF7B4FE7B68DB6D002B09D17868C4
:101C0800FEF728FF7B6800221A667B68002283F8AB
:101C180058207B681B681846FFF75CFD0346002BBD
:101C280004D07B681B681846FFF742FD7B681B6879
:101C38001846FFF777FD0346002B1BD17B681B680E
:101C48001846FFF75BFD064B1B689B09054AA2FB7C
:101C580003239B0901335B00FB6008E0A0980008A0
:101C680000000020632D3E05FB68013BFB60FB681C
:101C7800002BF9D17B681B681846FFF753FD034614
:101C8800002B0DD17B68DB6D43F010027B68DA65B1
:101C98007B681B6E43F001027B681A660123FB77A1
:101CA8007B681B681846FFF7B3FD78617B68DB6DBE
:101CB80003F01003002B40F077817B69002B40F084
:101CC80073817B68DB6D23F4817343F002027B68C8
:101CD800DA657B681B681846FFF760FD0346002B32
:101CE80011D14FF0A040FFF759FD04469548FFF782
:101CF80055FD03462343002B05D17B685B681946D5
:101D08009148FFF737FB7B685B7F5A037B68DB6B87
:101D18001A437B68DB681A437B689B681A437B68B5
:101D280093F824301B041343BB617B6893F8243079
:101D3800012B06D17B689B6A013B5B04BA6913439C
:101D4800BB617B68DB6A002B09D07B68DB6A03F424
:101D580078727B681B6B1343BA691343BB617B685A
:101D68001B68DA68794B13407A681268B9690B43C3
:101D7800D3607B681B681B6923F040617B685A6BE2
:101D88007B681B680A431A617B681B681846FFF763
:101D980052FD38617B69002B40F0E4803B69002BE1
:101DA80040F0E0807B681B7F9A037B6893F83830AB
:101DB8005B001343BB617B681B68DB6823F48043CB
:101DC80023F002037A681268B9690B43D3607B6811
:101DD8001B69002B17D07B681B681A697B681B6816
:101DE80042F480321A617B681B68D3F8C03023F450
:101DF8007F5323F03F037A6811697A6812680B43AE
:101E0800C2F8C03013E07B681B681A697B681B68DE
:101E180022F480321A617B681B68D3F8C0307A6874
:101E2800126823F47F5323F03F03C2F8C0307B6865
:101E380093F84030012B40F08D807B685B6C002B61
:101E480020D07B685B6C042B1CD07B685B6C082BF8
:101E580018D07B685B6C0C2B14D07B685B6C102BE8
:101E680010D07B685B6C142B0CD07B685B6C182BD8
:101E780008D07B685B6C1C2B04D040F27621344878
:101E8800FEF76DFD7B689B6C002B25D07B689B6CF7
:101E9800202B21D07B689B6C402B1DD07B689B6CD2
:101EA800602B19D07B689B6C802B15D07B689B6C52
:101EB800A02B11D07B689B6CC02B0DD07B689B6CD2
:101EC800E02B09D07B689B6CB3F5807F04D040F28F
:101ED80077211F48FEF743FD7B68DB6C002B09D098
:101EE8007B68DB6CB3F5007F04D04FF41E71184893
:101EF800FEF735FD7B681B6D012B0AD07B681B6DD7
:101F080040F20142934204D040F279211048FEF792
:101F180026FD7B681B681B6923F4FF6323F0040319
:101F28007A68516C7A68926C11437A68D26C114362
:101F38007A68126D0A431A437B681B6842F00102F3
:101F48001A610FE000010050000300500740F0FF45
:101F5800A09800087B681B681A697B681B6822F0D8
:101F680001021A617B685B69012B0CD17B681B68D5
:101F78001B6B23F00F017B681B6A5A1E7B681B686A
:101F88000A431A6307E07B681B681A6B7B681B6847
:101F980022F00F021A637B68DB6D23F0030343F022
:101FA80001027B68DA6507E07B68DB6D43F01002AD
:101FB8007B68DA650123FB77FB7F18462437BD462B
:101FC80090BD00BF80B586B000AFF860B9607A6098
:101FD8005848FFF751FB3861FB681B68B3F1A04F05
:101FE80009D0FB681B68544A934204D040F2DB7165
:101FF8005248FEF7B4FCFB681B681846FFF708FC5C
:102008000346002B40F08F80FB6893F85830012B73
:1020180001D102238AE0FB68012283F858203B693A
:10202800002B05D03B69052B02D03B69092B73D1E6
:10203800F86801F0EDF80346FB75FB7D002B66D1CF
:10204800FB68DB6D23F4706323F0010343F48072B3
:10205800FB68DA65FB681B68374A934202D0FB6865
:102068001B6801E04FF0A043FA681268934202D05F
:102078003B69002B05D1FB68DB6D23F48012FB68FC
:10208800DA65FB68DB6D03F48053002B06D0FB6830
:102098001B6E23F00602FB681A6602E0FB6800224A
:1020A8001A66FB685B6D264ADA62FB685B6D254A37
:1020B8001A63FB685B6D244A5A63FB681B681C2221
:1020C8001A60FB68002283F85820FB681B685A686E
:1020D800FB681B6842F010025A60FB681B68DA68EC
:1020E800FB681B6842F00102DA60FB68586DFB6808
:1020F8001B6840331946BA687B6801F081FB0346C8
:10210800FB75FB681B681846FFF76EFB0DE0FB6864
:10211800002283F8582008E00123FB75FB680022A1
:1021280083F8582001E00223FB75FB7D1846183719
:10213800BD4680BD0003005000010050A098000873
:10214800E3330008BB340008D734000880B58AB0F0
:1021580000AF786000237B627B681B681B68FB61AB
:102168007B681B685B68BB619148FFF785FA7861FB
:102178007B681B68B3F1A04F09D07B681B688D4A48
:10218800934204D04FF410618B48FEF7E8FB7B685C
:102198009B69042B08D07B689B69082B04D040F608
:1021A80001118548FEF7DBFBFB6903F00203002BF6
:1021B80017D0BB6903F00203002B12D07B68DB6DDC
:1021C80003F01003002B05D17B68DB6D43F400623C
:1021D8007B68DA657868FEF797FF7B681B680222E0
:1021E8001A60FB6903F00403002B04D0BB6903F0F9
:1021F8000403002B0AD1FB6903F00803002B00F04D
:102208008580BB6903F00803002B7FD07B68DB6DFA
:1022180003F01003002B05D17B68DB6D43F40072DB
:102228007B68DA657B681B681846FFF783F9034605
:10223800002B64D07B681B685E4A934202D07B689F
:102248001B6801E04FF0A0437A681268934208D0F7
:102258007B69002B05D07B69052B02D07B69092B94
:1022680004D17B681B68DB683B620DE07B681B68F8
:10227800504A934202D07B681B6801E04FF0A043AC
:102288003B613B69DB683B623B6A03F40053002B0C
:1022980035D17B681B681B6803F00803082B2ED117
:1022A8007B681B681846FFF7B3FA0346002B1AD160
:1022B8007B681B685A687B681B6822F00C025A60AE
:1022C8007B68DB6D23F480727B68DA657B68DB6D85
:1022D80003F48053002B12D17B68DB6D43F00102BD
:1022E8007B68DA650BE07B68DB6D43F010027B6886
:1022F800DA657B681B6E43F001027B681A667868B2
:10230800FDF766FF7B681B680C221A60FB6903F007
:102318002003002B04D0BB6903F02003002B0BD152
:10232800FB6903F04003002B00F0A080BB6903F0B9
:102338004003002B00F09A807B68DB6D03F01003EC
:10234800002B05D17B68DB6D43F400527B68DA65AE
:102358007B681B681846FFF72CF9F8607B681B68D8
:102368001846FFF7E7F8B8607B681B68114A934284
:1023780002D07B681B6801E04FF0A0437A681268BE
:10238800934208D07B69002B05D07B69062B02D0CD
:102398007B69072B04D17B681B68DB683B6213E011
:1023A8007B681B68034A934208D07B681B6807E078
:1023B8000003005000010050A09800084FF0A0430F
:1023C8003B613B69DB683B62FB68002B47D03B6A9B
:1023D80003F00073002B07D0BB68002B3FD03B6A8B
:1023E80003F40053002B3AD17B681B681B6803F089
:1023F8004003402B33D13B6A03F40013002B2ED14A
:102408007B681B681846FFF716FA0346002B1AD19B
:102418007B681B685A687B681B6822F060025A60F8
:102428007B68DB6D23F480527B68DA657B68DB6D43
:1024380003F48073002B12D17B68DB6D43F001023B
:102448007B68DA650BE07B68DB6D43F010027B6824
:10245800DA657B681B6E43F001027B681A66786850
:10246800FEF72AFE7B681B6860221A60FB6903F08E
:102478008003002B11D0BB6903F08003002B0CD024
:102488007B68DB6D43F480327B68DA65786800F03E
:102498009FF87B681B6880221A60FB6903F48073CD
:1024A800002B12D0BB6903F48073002B0DD07B681E
:1024B800DB6D43F400327B68DA657868FEF710FE5E
:1024C8007B681B684FF480721A60FB6903F4007321
:1024D800002B12D0BB6903F40073002B0DD07B686E
:1024E800DB6D43F480227B68DA657868FEF702FECC
:1024F8007B681B684FF400721A60FB6903F01003D5
:10250800002B36D0BB6903F01003002B31D07B6859
:10251800DB6B002B02D101237B6214E07B69002B6B
:1025280008D02548FFF7B6F80346002B0BD0012347
:102538007B6208E07B681B68DB6803F00103002B03
:1025480001D001237B627B6A012B0ED17B68DB6D96
:1025580043F480627B68DA657B681B6E43F0020295
:102568007B681A66786800F03DF87B681B68102263
:102578001A60FB6903F48063002B18D0BB6903F46D
:102588008063002B13D07B68DB6D43F480427B684B
:10259800DA657B681B6E43F008027B681A667B6805
:1025A8001B684FF480621A607868FEF78FFD00BFE1
:1025B8002837BD4680BD00BF0003005080B483B0FB
:1025C80000AF786000BF0C37BD465DF8047B7047EC
:1025D80080B483B000AF786000BF0C37BD465DF8AB
:1025E800047B704780B483B000AF786000BF0C37BD
:1025F800BD465DF8047B704790B5B7B000AF786012
:102608003960002387F8D7300023FB607B681B689C
:10261800B3F1A04F09D07B681B68934A934204D05A
:1026280040F6D2219148FEF79AF93B685B68062B81
:102638004FD03B685B680C2B4BD03B685B68122B18
:1026480047D03B685B68182B43D03B685B68B3F5A1
:10265800807F3ED03B685B68B3F5837F39D03B68A9
:102668005B68B3F5867F34D03B685B68B3F5897FD8
:102678002FD03B685B68B3F58C7F2AD03B685B68DA
:10268800B3F5007F25D03B685B6840F20622934291
:102698001FD03B685B68B3F5037F1AD03B685B6863
:1026A80040F21222934214D03B685B68B3F5067F70
:1026B8000FD03B685B68B3F5407F0AD03B685B6826
:1026C80040F20632934204D040F6D3216748FEF721
:1026D80046F93B689B68002B25D03B689B68B3F1A3
:1026E800004F20D03B689B68012B1CD03B689B683F
:1026F800022B18D03B689B68032B14D03B689B685F
:10270800042B10D03B689B68052B0CD03B689B685A
:10271800062B08D03B689B68072B04D040F6D421D1
:102728005248FEF71CF93B68DB687F2B09D03B68F1
:10273800DB684F4A934204D040F6D5214B48FEF758
:102748000EF93B681B69042B14D03B681B69002BEE
:1027580010D03B681B69012B0CD03B681B69022B0E
:1027680008D03B681B69032B04D040F6D6213F48AC
:10277800FEF7F5F83B685C697B681B681846FEF74E
:102788002DFE03469B0840F6FF7222FA03F39C4293
:1027980004D940F6D7213548FEF7E1F83B68DB68F5
:1027A800334A934200F0B5803B681B68012B00F068
:1027B80000813B681B682F4A934200F0FA803B680F
:1027C8001B682D4A934200F0F4803B681B682B4A33
:1027D800934200F0EE803B681B68294A934200F060
:1027E800E8803B681B68274A934200F0E2803B6818
:1027F8001B68254A934200F0DC803B681B68234A2B
:10280800934200F0D6803B681B68214A934200F04F
:10281800D0803B681B681F4A934200F0CA803B681F
:102828001B681D4A934200F0C4803B681B681B4A22
:10283800934200F0BE803B681B68194A934200F03F
:10284800B8803B681B68174A934200F0B2803B6827
:102858001B68154A934200F0AC807B681B68B3F193
:10286800A04F37D122E000BF00010050A098000817
:1028780000007F4002003004040060080800900C4B
:102888001000C0102000F014400020198000501DD6
:10289800000180210002B0250004002A0008302E23
:1028A800001060320040C03A0080F03E3B681B6870
:1028B800944A93427DD03B681B68934A934278D0F0
:1028C8003B681B68914A934273D03B681B68904AE7
:1028D80093426ED07B681B688E4A934213D13B6843
:1028E8001B688D4A934264D03B681B688B4A9342AD
:1028F8005FD03B681B688A4A93425AD03B681B6882
:10290800884A934255D040F6DC218748FEF727F8DD
:102918004FE03B681B68854A93424AD03B681B6876
:10292800834A934245D03B681B68824A934240D011
:102938003B681B68804A93423BD03B681B687F4AD0
:10294800934236D03B681B687D4A934231D03B683E
:102958001B687C4A93422CD03B681B687A4A934296
:1029680027D03B681B68794A934222D03B681B6892
:10297800774A93421DD03B681B68764A934218D029
:102988003B681B68744A934213D07B681B68614A92
:10299800934209D13B681B68704A934209D03B684F
:1029A8001B685D4A934204D04FF42E615E48FDF7E0
:1029B800D6FF7B6893F85830012B02D1022300F030
:1029C80011BC7B68012283F858207B681B68184675
:1029D800FEF71EFF0346002B40F0F5837B6818685E
:1029E8003B6859683B681B681A46FEF7B6FD7B686A
:1029F8001B681846FEF70CFFC7F8D0007B681B68F9
:102A08001846FEF718FFC7F8CC00D7F8D030002BCF
:102A180040F02282D7F8CC30002B40F01D823B6872
:102A28009B68B3F1004F0FD17B6818683B681B683F
:102A380000221946FEF7D0FD7B681B684FF0004165
:102A48001846FEF764FD0EE07B6818683B68196855
:102A58003B689B681A46FEF7BFFD7B681B68002130
:102A68001846FEF754FD3B685A697B681B68DB68AB
:102A7800DB0803F003035B0002FA03F3C7F8C8306E
:102A88003B681B69042B6BD07B6818683B68196925
:102A98003B681A68D7F8C830FEF7AEFC3B689B69FC
:102AA800002B09D03B689B69B3F1807F04D040F6C6
:102AB80018311D48FDF753FF3B681B7F002B08D0DA
:102AC8003B681B7F012B04D040F619311648FDF7EF
:102AD80046FF7B6818683B6819693B689B691A461A
:102AE800FEF7DFFC7B6818683B6819693B681B7F49
:102AF800012B02D14FF0007300E000231A46FEF7C5
:102B0800EBFCA9E1002090B6000021C3000052C7E9
:102B1800000084CB0001005000209036000029C33B
:102B28000000524700008CCBA09800080200300437
:102B3800040060080800900C1000C0102000F01479
:102B4800400020198000501D000180210002B0259E
:102B58000004002A0008302E0040C03A00106032FD
:102B68007B681B6800211846FEF76AFC0346C3F31E
:102B78001203002B0AD17B681B6800211846FEF758
:102B88005FFC03469B0E03F01F021EE07B681B6878
:102B980000211846FEF754FC0346C7F8BC30D7F8A6
:102BA800BC3093FAA3F3C7F8B830D7F8B830C7F8F1
:102BB800C030D7F8C030002B01D1202304E0D7F86B
:102BC800C030B3FA83F3DBB21A463B681B68C3F321
:102BD8001203002B05D13B681B689B0E03F01F03F3
:102BE80018E03B681B68C7F8B030D7F8B03093FAE4
:102BF800A3F3C7F8AC30D7F8AC30C7F8B430D7F87F
:102C0800B430002B01D1202304E0D7F8B430B3FA54
:102C180083F3DBB29A4206D17B681B68002200214D
:102C28001846FEF723FC7B681B6801211846FEF74F
:102C380007FC0346C3F31203002B0AD17B681B6809
:102C480001211846FEF7FCFB03469B0E03F01F020A
:102C58001EE07B681B6801211846FEF7F1FB03465E
:102C6800C7F8A430D7F8A43093FAA3F3C7F8A03074
:102C7800D7F8A030C7F8A830D7F8A830002B01D172
:102C8800202304E0D7F8A830B3FA83F3DBB21A465E
:102C98003B681B68C3F31203002B05D13B681B6814
:102CA8009B0E03F01F0318E03B681B68C7F89830B9
:102CB800D7F8983093FAA3F3C7F89430D7F894303C
:102CC800C7F89C30D7F89C30002B01D1202304E0B2
:102CD800D7F89C30B3FA83F3DBB29A4206D17B680B
:102CE8001B68002201211846FEF7C0FB7B681B68A1
:102CF80002211846FEF7A4FB0346C3F31203002B78
:102D08000AD17B681B6802211846FEF799FB034627
:102D18009B0E03F01F021EE07B681B680221184609
:102D2800FEF78EFB0346C7F88C30D7F88C3093FA41
:102D3800A3F3C7F88830D7F88830C7F89030D7F8A9
:102D48009030002B01D1202304E0D7F89030B3FA5B
:102D580083F3DBB21A463B681B68C3F31203002BEC
:102D680005D13B681B689B0E03F01F0316E03B6808
:102D78001B68C7F88030D7F8803093FAA3F3FB6755
:102D8800FB6FC7F88430D7F88430002B01D120239B
:102D980004E0D7F88430B3FA83F3DBB29A4206D161
:102DA8007B681B68002202211846FEF75FFB7B68E0
:102DB8001B6803211846FEF743FB0346C3F31203BF
:102DC800002B0AD17B681B6803211846FEF738FBE5
:102DD80003469B0E03F01F0217E07B681B68032164
:102DE8001846FEF72DFB03467B677B6F93FAA3F328
:102DF8003B673B6FBB67BB6F002B01D1202303E010
:102E0800BB6FB3FA83F3DBB21A463B681B68C3F3A4
:102E18001203002B05D13B681B689B0E03F01F03B0
:102E280011E03B681B68BB66BB6E93FAA3F37B6635
:102E38007B6EFB66FB6E002B01D1202303E0FB6E4B
:102E4800B3FA83F3DBB29A4206D17B681B6800228F
:102E580003211846FEF70AFB7B681B681846FEF735
:102E68009DFC0346002B40F03F817B6818683B6857
:102E780019683B68DB681A46FEF7DAFB3B68DB68D3
:102E88008E4A934240F030817B6818683B681B6823
:102E9800C3F31203002B0BD13B681B689B0E013355
:102EA80003F01F03092B94BF01230023DBB219E0B1
:102EB8003B681B68FB65FB6D93FAA3F3BB65BB6DB1
:102EC8003B663B6E002B01D1202303E03B6EB3FA37
:102ED80083F3DBB2013303F01F03092B94BF0123F3
:102EE8000023DBB2002B79D03B681B68C3F31203C5
:102EF800002B07D13B681B689B0E01339B0603F030
:102F0800F84215E03B681B683B653B6D93FAA3F3F9
:102F1800FB64FB6C7B657B6D002B01D1202303E0F8
:102F28007B6DB3FA83F3DBB201339B0603F0F842FF
:102F38003B681B68C3F31203002B09D13B681B686D
:102F48009B0E013303F01F03012101FA03F317E07D
:102F58003B681B687B647B6C93FAA3F33B643B6C14
:102F6800BB64BB6C002B01D1202303E0BB6CB3FA1C
:102F780083F3DBB2013303F01F03012101FA03F3EA
:102F880042EA03013B681B68C3F31203002B0AD112
:102F98003B681B689B0E013303F01F0213465B005E
:102FA80013441B0518E03B681B68BB63BB6B93FAB3
:102FB800A3F37B637B6BFB63FB6B002B01D12023AB
:102FC80003E0FB6BB3FA83F3DBB2013303F01F02B8
:102FD80013465B0013441B050B4380E03B681B68EA
:102FE800C3F31203002B07D13B681B689B0E013308
:102FF8009B0603F0F84215E03B681B68FB62FB6A1E
:1030080093FAA3F3BB62BB6A3B633B6B002B01D112
:10301800202303E03B6BB3FA83F3DBB201339B0657
:1030280003F0F8423B681B68C3F31203002B09D175
:103038003B681B689B0E013303F01F03012101FA53
:1030480003F317E03B681B683B623B6A93FAA3F300
:10305800FB61FB697B627B6A002B01D1202303E0C3
:103068007B6AB3FA83F3DBB2013303F01F03012158
:1030780001FA03F342EA03013B681B68C3F3120336
:10308800002B0DD13B681B689B0E013303F01F0218
:1030980013465B0013441E3B1B0543F000731DE001
:1030A8003B681B687B617B6993FAA3F33B613B69CF
:1030B800BB61BB69002B03D1202305E000007F40E2
:1030C800BB69B3FA83F3DBB2013303F01F02134683
:1030D8005B0013441E3B1B0543F000730B433A6827
:1030E80092681946FEF778FA3B681A683F4B134016
:1030F800002B71D03E48FEF763F9C7F8C4003B685F
:103108001B683C4A934204D03B681B683A4A934286
:1031180027D1D7F8C43003F40003002B21D17B68F2
:103128001B68B3F1A04F57D1D7F8C43043F400035C
:1031380019462F48FEF731F9304B1B689B09304A76
:10314800A2FB03239B095A1C13465B0013449B00F4
:10315800FB6002E0FB68013BFB60FB68002BF9D1D8
:103168003AE03B681B68274A934213D1D7F8C4302A
:1031780003F08073002B0DD17B681B68224A9342B1
:103188002AD0D7F8C43043F0807319461848FEF7A0
:1031980004F921E03B681B681C4A93421CD1D7F80C
:1031A800C43003F48003002B16D17B681B68164AD1
:1031B800934211D0D7F8C43043F4800319460C4821
:1031C800FEF7EBF808E07B68DB6D43F020027B68D4
:1031D800DA65012387F8D7307B68002283F8582006
:1031E80097F8D7301846DC37BD4690BD00000880F8
:1031F80000030050000021C31000C0900000002010
:10320800632D3E05000052C700010050000084CB2A
:1032180080B584B000AF78600023BB607B681B6812
:103228001846FEF7BBFA0346002B69D17B681B687A
:103238009A68364B1340002B0DD07B68DB6D43F04A
:1032480010027B68DA657B681B6E43F001027B68BD
:103258001A66012355E07B681B681846FEF776FA64
:103268002B48FEF7ADF8034603F40003002B13D0F8
:10327800284B1B689B09284AA2FB03239B095A1C5D
:1032880013465B0013449B00BB6002E0BB68013B34
:10329800BB60BB68002BF9D1FDF72CFEF86028E075
:1032A8007B681B681846FEF779FA0346002B04D1A1
:1032B8007B681B681846FEF749FAFDF71BFE0246B5
:1032C800FB68D31A022B14D97B681B681B6803F0B0
:1032D8000103012B0DD07B68DB6D43F010027B6886
:1032E800DA657B681B6E43F001027B681A6601236E
:1032F80007E07B681B681B6803F00103012BCFD133
:10330800002318461037BD4680BD00BF3F0000802F
:103318000003005000000020632D3E0580B584B0F6
:1033280000AF78607B681B681846FEF74AFAF860B9
:103338007B681B681846FEF731FA0346002B47D016
:10334800FB68002B44D17B681B689B6803F00D0366
:10335800012B0CD17B681B681846FEF70BFA7B68BB
:103368001B6803221A60FDF7C5FDB86029E07B6879
:10337800DB6D43F010027B68DA657B681B6E43F0F7
:1033880001027B681A66012323E0FDF7B3FD0246BC
:10339800BB68D31A022B14D97B681B689B6803F09F
:1033A8000103002B0DD07B68DB6D43F010027B68B6
:1033B800DA657B681B6E43F001027B681A6601239D
:1033C80007E07B681B689B6803F00103002BDCD1D6
:1033D800002318461037BD4680BD80B584B000AFC5
:1033E80078607B689B6AFB60FB68DB6D03F05003C9
:1033F800002B4BD1FB68DB6D43F40072FB68DA6588
:10340800FB681B681B6803F00803002B21D0FB68CE
:103418001B681846FEF78EF80346002B32D0FB686F
:103428001B68DB6803F40053002B2BD1FB68DB6DB2
:1034380023F48072FB68DA65FB68DB6D03F4805364
:10344800002B1FD1FB68DB6D43F00102FB68DA65D6
:1034580018E0FB681B68DB6803F00203002B11D13E
:10346800FB68DB6D23F48072FB68DA65FB68DB6D53
:1034780003F48053002B05D1FB68DB6D43F0010298
:10348800FB68DA65F868FCF7A3FE0EE0FB68DB6D05
:1034980003F01003002B03D0F868FFF7A3F804E04B
:1034A800FB685B6D5B6B7868984700BF1037BD465B
:1034B80080BD80B584B000AF78607B689B6AFB6094
:1034C800F868FFF77BF800BF1037BD4680BD80B5B0
:1034D80084B000AF78607B689B6AFB60FB68DB6D3B
:1034E80043F04002FB68DA65FB681B6E43F0040298
:1034F800FB681A66F868FFF775F800BF1037BD4615
:1035080080BD000080B584B000AF78607B68002B78
:1035180001D1012369E17B681B68664A93423AD06E
:103528007B681B68644A934235D07B681B68634A92
:10353800934230D07B681B68614A93422BD07B68EA
:103548001B68604A934226D07B681B685E4A934298
:1035580021D07B681B685D4A93421CD07B681B683E
:103568005B4A934217D07B681B685A4A934212D031
:103578007B681B68584A93420DD07B681B68574A82
:10358800934208D07B681B68554A934203D0A32115
:103598005448FDF7E4F97B689B68002B0CD07B68E6
:1035A8009B68102B08D07B689B68B3F5804F03D0CD
:1035B800A4214C48FDF7D3F97B68DB68402B07D082
:1035C8007B68DB68002B03D0A5214648FDF7C7F9C7
:1035D8007B681B69802B07D07B681B69002B03D095
:1035E800A6214048FDF7BBF97B685B69002B0DD02D
:1035F8007B685B69B3F5807F08D07B685B69B3F54E
:10360800007F03D0A7213748FDF7A9F97B689B699C
:10361800002B0DD07B689B69B3F5806F08D07B6861
:103628009B69B3F5006F03D0A8212E48FDF797F9E1
:103638007B68DB69002B07D07B68DB69202B03D014
:10364800A9212848FDF78BF97B681B6A002B12D04B
:103658007B681B6AB3F5805F0DD07B681B6AB3F586
:10366800005F08D07B681B6AB3F5405F03D0AA21CE
:103678001C48FDF774F97B685B68732B03D9AC2190
:103688001848FDF76CF97B681B681A46164B9A4276
:1036980032D87B681B681A46144B1344144AA2FBA1
:1036A80003231B099A007B685A647B68114A1A64D1
:1036B80031E000BF080002401C0002403000024018
:1036C80044000240580002406C00024008040240D6
:1036D8001C040240300402404404024058040240E2
:1036E8006C0402401899000807040240F8FFFDBF67
:1036F800CDCCCCCC000002407B681B681A463D4B01
:1037080013443D4AA2FB03231B099A007B685A64B1
:103718007B683A4A1A647B68022283F825207B6812
:103728001B681B68FB60FB6823F4FF4323F07003EE
:10373800FB607B689A687B68DB681A437B681B6957
:103748001A437B685B691A437B689B691A437B68E9
:10375800DB691A437B681B6A1343FA681343FB60EF
:103768007B681B68FA681A60786800F0C1F97B68A2
:103778009B68B3F5804F02D17B6800225A607B6852
:103788005A687B689B6C02F07F021A607B68DB6C6E
:103798007A68126D5A607B685B68002B10D07B6872
:1037A8005B68042B0CD8786800F0E0F97B685B6DE7
:1037B80000221A607B689B6D7A68D26D5A6008E0B7
:1037C8007B6800225A657B6800229A657B68002224
:1037D800DA657B680022DA637B68012283F825209A
:1037E8007B68002283F82420002318461037BD4642
:1037F80080BD00BFF8FBFDBFCDCCCCCC000402409F
:1038080080B586B000AFF860B9607A603B6000238D
:10381800FB753B68002B03D03B68B3F5802F04D3BE
:1038280040F2AB113A48FDF79AF8FB6893F8243058
:10383800012B01D1022366E0FB68012283F82420D2
:10384800FB6893F82530DBB2012B55D1FB680222C7
:1038580083F82520FB680022DA63FB681B681A6876
:10386800FB681B6822F001021A603B687A68B96835
:10387800F86800F0FEF8FB681B6B002B08D0FB68AB
:103888001B681A68FB681B6842F00E021A600FE09A
:10389800FB681B681A68FB681B6822F004021A6040
:1038A800FB681B681A68FB681B6842F00A021A600A
:1038B800FB689B6C1B6803F48033002B07D0FB6804
:1038C8009B6C1A68FB689B6C42F480721A60FB68F8
:1038D8005B6D002B07D0FB685B6D1A68FB685B6D3E
:1038E80042F480721A60FB681B681A68FB681B68E0
:1038F80042F001021A6005E0FB68002283F82420E8
:103908000223FB75FB7D18461837BD4680BD00BFF6
:103918001899000880B584B000AF78607B681B6C8C
:103928001B68FB607B681B681B68BB607B685B6C03
:1039380003F01F0304229A40FB681340002B26D093
:10394800BB6803F00403002B21D07B681B681B684D
:1039580003F02003002B07D17B681B681A687B687B
:103968001B6822F004021A607B685B6C03F01F027C
:103978007B681B6C042101FA02F25A607B681B6B9E
:10398800002B71D07B681B6B786898476CE07B686C
:103998005B6C03F01F0302229A40FB681340002B64
:1039A8002ED0BB6803F00203002B29D07B681B686C
:1039B8001B6803F02003002B0BD17B681B681A6877
:1039C8007B681B6822F00A021A607B68012283F870
:1039D80025207B685B6C03F01F027B681B6C02214F
:1039E80001FA02F25A607B68002283F824207B687F
:1039F800DB6A002B38D07B68DB6A7868984733E04D
:103A08007B685B6C03F01F0308229A40FB68134035
:103A1800002B2AD0BB6803F00803002B25D07B6855
:103A28001B681A687B681B6822F00E021A607B68A4
:103A38005B6C03F01F027B681B6C012101FA02F228
:103A48005A607B680122DA637B68012283F82520AB
:103A58007B68002283F824207B685B6B002B04D0F2
:103A68007B685B6B7868984700BF00BF1037BD461E
:103A780080BD80B485B000AFF860B9607A603B6003
:103A8800FB68DB6CFA68126D5A60FB685B6D002B93
:103A980004D0FB689B6DFA68D26D5A60FB685B6C5A
:103AA80003F01F02FB681B6C012101FA02F25A6045
:103AB800FB681B683A685A60FB689B68102B08D142
:103AC800FB681B687A689A60FB681B68BA68DA60EA
:103AD80007E0FB681B68BA689A60FB681B687A682D
:103AE800DA6000BF1437BD465DF8047B70470000FC
:103AF80080B487B000AF78607B681B681A46164BA5
:103B08009A4202D8154B7B6101E0154B7B617B69BA
:103B18003B617B681B68DBB2083B124AA2FB0323AC
:103B28001B09FB607B685B6C9B089A003B6913442C
:103B38001A467B689A647B680B4ADA64FB6803F070
:103B48001F0301229A407B681A6500BF1C37BD46D7
:103B58005DF8047B704700BF07040240000802407C
:103B680020080240CDCCCCCC8008024080B485B07F
:103B780000AF78607B685B6803F07F03FB60FA68DE
:103B88000B4B13449B001A467B685A657B68094AAD
:103B98009A65FB68013B03F01F0301229A407B688A
:103BA800DA6500BF1437BD465DF8047B704700BF77
:103BB8003F8200104009024080B586B000AF7860AF
:103BC8000023FB740023BB747B681B6803F00103AC
:103BD800002B5DD17B681B6803F00203002B57D1D3
:103BE8007B681B6803F00403002B51D17B681B68BA
:103BF80003F00803002B4BD17B681B6803F02003FC
:103C0800002B45D17B681B6803F04003002B3FD194
:103C18007B681B6803F08003002B39D17B681B6825
:103C280003F48073002B33D17B681B6803F40073A3
:103C3800002B2DD17B681B6803F48063002B27D1F0
:103C48007B681B6803F40063002B21D17B681B6829
:103C580003F48053002B1BD17B681B6803F40053CB
:103C6800002B15D17B681B6803F48043002B0FD110
:103C78007B681B6803F40043002B09D17B681B6831
:103C880003F40023002B03D183215548FCF767FE7A
:103C98007B681B6803F40023002B00F0B28000232C
:103CA8007B747B681B6C002B12D07B681B6CB3F594
:103CB800807F0DD07B681B6CB3F5007F08D07B68D4
:103CC8001B6CB3F5407F03D08B214548FCF747FEBA
:103CD800444B9B6D03F08053002B0DD1414B9B6DE2
:103CE800404A43F0805393653E4B9B6D03F08053ED
:103CF800BB60BB6801237B743B4B1B683A4A43F4A7
:103D080080731360FDF7F6F8F86009E0FDF7F2F844
:103D18000246FB68D31A022B02D90323FB7405E081
:103D2800314B1B6803F48073002BEFD0FB7C002B16
:103D38005CD12C4BD3F8903003F440737B617B69E2
:103D4800002B1ED07B681B6C7A699A4219D0254BD0
:103D5800D3F8903023F440737B61224BD3F8903032
:103D6800204A43F48033C2F890301E4BD3F8903089
:103D78001C4A23F48033C2F890301A4A7B69C2F88F
:103D880090307B6903F00103002B16D0FDF7B2F8E1
:103D9800F8600BE0FDF7AEF80246FB68D31A41F273
:103DA8008832934202D90323FB7406E00D4BD3F803
:103DB800903003F00203002BECD0FB7C002B0BD1DE
:103DC800084BD3F8903023F440727B681B6C05498C
:103DD8001343C1F890300BE0FB7CBB7408E000BFD4
:103DE800909900080010024000700040FB7CBB74F2
:103DF8007B7C012B05D1984B9B6D974A23F0805310
:103E080093657B681B6803F00103002B1ED07B6859
:103E18005B68002B0FD07B685B68012B0BD07B683D
:103E28005B68032B07D07B685B68022B03D0E0211B
:103E38008A48FCF794FD884BD3F8883023F00302B6
:103E48007B685B6884491343C1F888307B681B68CA
:103E580003F00203002B1ED07B689B68002B0FD059
:103E68007B689B68042B0BD07B689B680C2B07D066
:103E78007B689B68082B03D0EA217848FCF76FFD24
:103E8800754BD3F8883023F00C027B689B68724925
:103E98001343C1F888307B681B6803F00403002BC8
:103EA8001ED07B68DB68002B0FD07B68DB68102B8B
:103EB8000BD07B68DB68302B07D07B68DB68202B56
:103EC80003D0F6216548FCF74AFD634BD3F88830E8
:103ED80023F030027B68DB685F491343C1F8883000
:103EE8007B681B6803F00803002B1FD07B681B69E5
:103EF800002B10D07B681B69402B0CD07B681B699A
:103F0800C02B08D07B681B69802B04D040F20311BA
:103F18005248FCF724FD504BD3F8883023F0C002F8
:103F28007B681B694C491343C1F888307B681B6860
:103F380003F02003002B22D07B685B69002B13D091
:103F48007B685B69B3F5806F0ED07B685B69B3F5FE
:103F5800406F09D07B685B69B3F5006F04D04FF4FC
:103F68008E713E48FCF7FBFC3B4BD3F8883023F4BA
:103F780040627B685B6938491343C1F888307B68C5
:103F88001B6803F04003002B1DD07B689B69002B46
:103F98000ED07B689B69B3F5805F09D07B689B690D
:103FA800B3F5005F04D04FF493712C48FCF7D7FCAD
:103FB800294BD3F8883023F440527B689B69264903
:103FC8001343C1F888307B681B6803F08003002B1B
:103FD8001DD07B68DB69002B0ED07B68DB69B3F5ED
:103FE800804F09D07B68DB69B3F5004F04D04FF4EC
:103FF80098711A48FCF7B3FC174BD3F8883023F4B0
:1040080040427B68DB6914491343C1F888307B68F8
:104018001B6803F48073002B22D07B681B6A002B7B
:104028000ED07B681B6AB3F5803F09D07B681B6A9A
:10403800B3F5003F04D040F23B110848FCF78FFC71
:10404800054BD3F8883023F440327B681B6A024959
:104058001343C1F8883003E000100240909900082B
:104068007B681B6803F40073002B22D07B685B6AB3
:10407800002B13D07B685B6AB3F5802F0ED07B686A
:104088005B6AB3F5002F09D07B685B6AB3F5402FF4
:1040980004D04FF4AA719648FCF761FC954BD3F80D
:1040A800883023F440227B685B6A92491343C1F845
:1040B80088307B681B6803F48063002B2DD07B68F5
:1040C8009B6A002B13D07B689B6AB3F5801F0ED0C8
:1040D8007B689B6AB3F5001F09D07B689B6AB3F5C0
:1040E800401F04D040F25F118148FCF738FC814B37
:1040F800D3F8883023F440127B689B6A7D491343C8
:10410800C1F888307B689B6AB3F5801F05D1794B6D
:10411800DB68784A43F48013D3607B681B6803F438
:104128000063002B2DD07B68DB6A002B13D07B68E3
:10413800DB6AB3F5800F0ED07B68DB6AB3F5000F3E
:1041480009D07B68DB6AB3F5400F04D04FF4B9712E
:104158006748FCF704FC674BD3F8883023F4400227
:104168007B68DB6A63491343C1F888307B68DB6A84
:10417800B3F5800F05D15F4BDB685E4A43F48013CB
:10418800D3607B681B6803F48053002B28D07B68BE
:104198001B6B002B0ED07B681B6BB3F1807F09D0A3
:1041A8007B681B6BB3F1007F04D040F28511504847
:1041B800FCF7D5FB4F4BD3F8883023F040727B686F
:1041C8001B6B4C491343C1F888307B681B6BB3F1F8
:1041D800807F05D1474BDB68464A43F48013D360A0
:1041E8007B681B6803F40053002B23D07B685B6B50
:1041F800002B09D07B685B6BB3F1006F04D040F2F1
:1042080097113B48FCF7ABFB3A4BD3F8883023F0C7
:1042180040627B685B6B37491343C1F888307B6821
:104228005B6BB3F1006F05D1324BDB68314A43F465
:104238008013D3607B681B6803F48043002B23D072
:104248007B689B6B002B09D07B689B6BB3F1006F7D
:1042580004D04FF4D3712648FCF781FB254BD3F8E3
:10426800883023F040627B689B6B22491343C1F876
:1042780088307B689B6BB3F1006F05D11D4BDB6801
:104288001C4A43F48013D3607B681B6803F4004323
:10429800002B28D07B68DB6B002B0ED07B68DB6B98
:1042A800B3F1805F09D07B68DB6BB3F1005F04D0AA
:1042B8004FF4DA710E48FCF752FB0E4BD3F88830F6
:1042C80023F040527B68DB6B0A491343C1F88830FE
:1042D8007B68DB6BB3F1805F05D1064BDB68054A71
:1042E80043F48033D360BB7C18461837BD4680BD85
:1042F800909900080010024080B588B000AF78603F
:104308007B68002B01D10123FCE37B681B68002B31
:1043180022D07B681B6803F00103002B1CD17B684B
:104328001B6803F00203002B16D17B681B6803F09F
:104338002003002B10D17B681B6803F00803002BB7
:104348000AD17B681B6803F00403002B04D140F2F8
:1043580045119348FCF703FB7B681B6803F00103D6
:10436800002B00F089807B685B68002B0ED07B688F
:104378005B68B3F5803F09D07B685B68B3F5A02F15
:1043880004D040F24B118648FCF7E9FA854B9B684C
:1043980003F00C03BB61834BDB6803F003037B6111
:1043A800BB690C2B02D17B69032B02D0BB69082B9C
:1043B8000BD17C4B1B6803F40033002B5BD07B686C
:1043C8005B68002B57D101239CE37B685B68B3F5DE
:1043D800803F06D1734B1B68724A43F480331360E5
:1043E8001DE07B685B68B3F5A02F0CD16D4B1B6893
:1043F8006C4A43F4802313606A4B1B68694A43F490
:10440800803313600BE0674B1B68664A23F48033E4
:104418001360644B1B68634A23F4802313607B6832
:104428005B68002B13D0FCF765FD386108E0FCF7EA
:1044380061FD02463B69D31A642B01D9032361E36A
:10444800584B1B6803F40033002BF0D014E0FCF742
:1044580051FD386108E0FCF74DFD02463B69D31A6F
:10446800642B01D903234DE34E4B1B6803F400333F
:10447800002BF0D100E000BF7B681B6803F002034B
:10448800002B00F094807B68DB68002B09D07B68E8
:10449800DB68B3F5807F04D04FF4C0714048FCF767
:1044A8005EFA7B681B697F2B04D940F281113C4876
:1044B800FCF755FA3B4B9B6803F00C03BB61394B87
:1044C800DB6803F003037B61BB690C2B02D17B69BA
:1044D800022B02D0BB69042B1FD1324B1B6803F49B
:1044E8008063002B05D07B68DB68002B01D101239A
:1044F80008E32C4B5B6823F0FE427B681B691B06B4
:10450800284913434B60284B1B681846FCF7A6FC48
:104518000346002B4AD00123F4E27B68DB68002BBA
:1045280023D0204B1B681F4A43F480731360FCF7A9
:10453800E1FC386108E0FCF7DDFC02463B69D31A70
:10454800022B01D90323DDE2164B1B6803F48063B9
:10455800002BF0D0134B5B6823F0FE427B681B698D
:104568001B06104913434B6021E00E4B1B680D4A94
:1045780023F480731360FCF7BDFC386108E0FCF796
:10458800B9FC02463B69D31A022B01D90323B9E2CD
:10459800044B1B6803F48063002BF0D107E000BFD5
:1045A8000C9A0008001002400400002000BF7B683D
:1045B8001B6803F00803002B49D07B685B69002B5C
:1045C80008D07B685B69012B04D04FF4E471A348E1
:1045D800FCF7C5F97B685B69002B1CD0A04BD3F8AE
:1045E80094309F4A43F00103C2F89430FCF782FCF0
:1045F800386108E0FCF77EFC02463B69D31A022BBF
:1046080001D903237EE2964BD3F8943003F00203DA
:10461800002BEFD01BE0924BD3F89430904A23F054
:104628000103C2F89430FCF765FC386108E0FCF738
:1046380061FC02463B69D31A022B01D9032361E2CC
:10464800874BD3F8943003F00203002BEFD17B683B
:104658001B6803F00403002B00F0B7800023FB77EE
:104668007B689B68002B0CD07B689B68012B08D06B
:104678007B689B68052B04D04FF4FA717748FCF7E8
:104688006EF9774B9B6D03F08053002B01D101230A
:1046980000E00023002B0DD0714B9B6D704A43F056
:1046A800805393656E4B9B6D03F08053FB60FB68F2
:1046B8000123FB776B4B1B6803F48073002B18D125
:1046C800684B1B68674A43F480731360FCF712FC5D
:1046D800386108E0FCF70EFC02463B69D31A022B4E
:1046E80001D903230EE25F4B1B6803F48073002B90
:1046F800F0D07B689B68012B08D1594BD3F89030D8
:10470800574A43F00103C2F8903024E07B689B6865
:10471800052B10D1524BD3F89030514A43F0040383
:10472800C2F890304E4BD3F890304D4A43F0010315
:10473800C2F890300FE04A4BD3F89030484A23F043
:104748000103C2F89030464BD3F89030444A23F026
:104758000403C2F890307B689B68002B16D0FCF7E6
:10476800C9FB38610AE0FCF7C5FB02463B69D31A6E
:1047780041F28832934201D90323C3E1384BD3F87D
:10478800903003F00203002BEDD015E0FCF7B2FBEC
:1047980038610AE0FCF7AEFB02463B69D31A41F2E6
:1047A8008832934201D90323ACE12D4BD3F89030E2
:1047B80003F00203002BEDD1FB7F012B05D1284B21
:1047C8009B6D274A23F0805393657B681B6803F031
:1047D8002003002B4FD07B689B69002B08D07B6897
:1047E8009B69012B04D040F23B211C48FCF7B7F829
:1047F8007B689B69002B1CD0194BD3F89830184A5A
:1048080043F00103C2F89830FCF774FB386108E004
:10481800FCF770FB02463B69D31A022B01D903232C
:1048280070E10F4BD3F8983003F00203002BEFD060
:1048380021E00B4BD3F89830094A23F00103C2F862
:104848009830FCF757FB38610EE0FCF753FB024643
:104858003B69D31A022B07D9032353E10C9A0008AA
:104868000010024000700040854BD3F8983003F0E8
:104878000203002BE9D17B68DB69002B0CD07B6835
:10488800DB69012B08D07B68DB69022B04D04FF46D
:1048980019717C48FCF763F87B68DB69002B00F032
:1048A8003081774B9B6803F00C030C2B00F0E280FF
:1048B8007B68DB69022B40F0BD807B681B6A002B9C
:1048C8000CD07B681B6A022B08D07B681B6A032B01
:1048D80004D040F26E216B48FCF741F87B685B6AB4
:1048E800002B03D07B685B6A102B04D940F26F2140
:1048F8006448FCF734F87B689B6A072B03D97B680C
:104908009B6A7F2B04D94FF41C715E48FCF727F88B
:104918007B68DB6A012B03D97B68DB6A1F2B04D910
:1049280040F271215748FCF71AF87B681B6B022B81
:1049380010D07B681B6B042B0CD07B681B6B062B81
:1049480008D07B681B6B082B04D040F272214D48BD
:10495800FCF705F87B685B6B022B10D07B685B6B00
:10496800042B0CD07B685B6B062B08D07B685B6BD9
:10497800082B04D040F273214248FBF7F0FF404B6C
:104988001B683F4A23F080731360FCF7B3FA386161
:1049980008E0FCF7AFFA02463B69D31A022B01D9AB
:1049A8000323AFE0364B1B6803F00073002BF0D1F4
:1049B800334BDA68344B13407A68116A7A68526A62
:1049C800013A120111437A68926A120211437A6815
:1049D800126B5208013A520511437A68526B520819
:1049E800013A520611437A68D26AD2060A43244928
:1049F8001343CB60224B1B68214A43F0807313603A
:104A08001F4BDB681E4A43F08073D360FCF772FAD1
:104A1800386108E0FCF76EFA02463B69D31A022BAC
:104A280001D903236EE0164B1B6803F00073002BBB
:104A3800F0D066E0124B1B68114A23F080731360B4
:104A4800FCF758FA386108E0FCF754FA02463B696B
:104A5800D31A022B01D9032354E0094B1B6803F036
:104A68000073002BF0D1064BDA680549074B134059
:104A7800CB6046E07B68DB69012B09D1012341E06B
:104A8800001002400C9A00080C809F01FCFFEEFE0B
:104A98001E4BDB687B617B6903F003027B681B6A42
:104AA8009A422CD17B6903F0F0027B685B6A013B78
:104AB8001B019A4223D17B6903F4FE427B689B6AFF
:104AC8001B029A421BD17B6903F078427B68DB6A40
:104AD800DB069A4213D17B6903F4C0027B681B6B27
:104AE8005B08013B5B059A4209D17B6903F0C06210
:104AF8007B685B6B5B08013B5B069A4201D0012334
:104B080000E0002318462037BD4680BD0010024053
:104B180080B586B000AF7860396000237B617B6820
:104B2800002B01D10123E2E17B681B6803F00F032E
:104B3800002B05D07B681B6823F00F03002B04D0E3
:104B480040F20B316948FBF70AFF3B68002B31D074
:104B58003B68012B2ED03B68022B2BD03B68032BE4
:104B680028D03B68042B25D03B68052B22D03B6816
:104B7800062B1FD03B68072B1CD03B68082B19D08D
:104B88003B68092B16D03B680A2B13D03B680B2BCC
:104B980010D03B680C2B0DD03B680D2B0AD03B681E
:104BA8000E2B07D03B680F2B04D04FF443714F48AE
:104BB800FBF7D5FE4E4B1B6803F00F033A689A4289
:104BC80010D94B4B1B6823F00F0249493B6813432C
:104BD8000B60474B1B6803F00F033A689A4201D0F9
:104BE800012384E17B681B6803F00103002B00F0BC
:104BF8008E807B685B68012B0CD07B685B68022B1E
:104C080008D07B685B68032B04D040F22331374817
:104C1800FBF7A5FE7B685B68032B29D1354B1B6826
:104C280003F00073002B01D1012360E100F0D2F9F9
:104C380038613B69304A93423FD92E4B9B6803F059
:104C4800F003002B09D07B681B6803F00203002BDC
:104C580033D07B689B68002B2FD1264B9B6823F0B1
:104C6800F003244A43F08003936080237B6124E0AF
:104C78007B685B68022B07D11E4B1B6803F400336B
:104C8800002B09D1012332E11A4B1B6803F480631E
:104C9800002B01D101232AE100F03AF938613B6980
:104CA800154A934209D9134B9B6823F0F003114A24
:104CB80043F08003936080237B610E4B9B6823F055
:104CC80003027B685B680B4913438B60FCF712F99E
:104CD800F86013E0FCF70EF90246FB68D31A41F2BC
:104CE800883293420AD9032301E100BF0C9A0008D5
:104CF800002002400010024000B4C4047E4B9B68B0
:104D080003F00C027B685B689B009A42E2D17B68E7
:104D18001B6803F00203002B4CD07B681B6803F070
:104D28000403002B05D0744B9B68734A43F4E0637B
:104D380093607B681B6803F00803002B07D06E4B59
:104D48009B6823F47C536C4A43F4E06393607B686C
:104D58009B68002B24D07B689B68802B20D07B68C5
:104D68009B68902B1CD07B689B68A02B18D07B6815
:104D78009B68B02B14D07B689B68C02B10D07B68D5
:104D88009B68D02B0CD07B689B68E02B08D07B6895
:104D98009B68F02B04D040F27A315848FBF7DFFDCE
:104DA800554B9B6823F0F0027B689B68524913437C
:104DB8008B6008E07B69802B05D14F4B9B684E4A7E
:104DC80023F0F00393604E4B1B6803F00F033A681F
:104DD8009A421DD24A4B1B6823F00F0248493B6890
:104DE80013430B60FCF786F8F8600AE0FCF782F8DA
:104DF8000246FB68D31A41F28832934201D9032351
:104E080075E03F4B1B6803F00F033A689A42EDD1F7
:104E18007B681B6803F00403002B25D07B68DB68E4
:104E2800002B18D07B68DB68B3F5806F13D07B68E4
:104E3800DB68B3F5A06F0ED07B68DB68B3F5C06F95
:104E480009D07B68DB68B3F5E06F04D04FF4677175
:104E58002A48FBF784FD284B9B6823F4E0627B68B3
:104E6800DB68254913438B607B681B6803F00803E4
:104E7800002B26D07B681B69002B18D07B681B6928
:104E8800B3F5806F13D07B681B69B3F5A06F0ED0A4
:104E98007B681B69B3F5C06F09D07B681B69B3F5E4
:104EA800E06F04D040F2A3311448FBF758FD124BD1
:104EB8009B6823F460527B681B69DB000E4913432F
:104EC8008B6000F025F802460B4B9B681B0903F02A
:104ED8000F030C49CB5C03F01F0322FA03F30A4AC1
:104EE80013600A4B1B681846FBF7B8FF03461846C1
:104EF8001837BD4680BD00BF001002400C9A00085C
:104F080000200240E89C0008000000200400002067
:104F180080B487B000AF2C4B9B6803F00C03042BC4
:104F280002D12A4B3B6147E0274B9B6803F00C03F7
:104F3800082B02D1264B3B613EE0234B9B6803F0D4
:104F48000C030C2B36D1204BDB6803F00303FB600A
:104F58001D4BDB681B0903F00F030133BB60FB68C3
:104F6800032B0CD11A4ABB68B2FBF3F3164AD2687A
:104F7800120A02F07F0202FB03F37B610CE0134A82
:104F8800BB68B2FBF3F3104AD268120A02F07F0240
:104F980002FB03F37B6100BF0B4BDB685B0E03F086
:104FA800030301335B007B607A697B68B2FBF3F330
:104FB8003B6101E000233B613B6918461C37BD4655
:104FC8005DF8047B704700BF001002400024F40025
:104FD80000366E0180B487B000AF1E4BDB6803F06B
:104FE80003033B611B4BDB681B0903F00F03013311
:104FF800FB603B69032B0CD1174AFB68B2FBF3F348
:10500800144AD268120A02F07F0202FB03F37B61A2
:105018000CE0124AFB68B2FBF3F30E4AD268120A9C
:1050280002F07F0202FB03F37B6100BF094BDB68E0
:105038005B0E03F0030301335B00BB607A69BB6856
:10504800B2FBF3F37B607B6818461C37BD465DF8FE
:10505800047B70470010024000366E010024F40003
:1050680080B485B000AF78607B6803F00703FB600D
:105078000C4BDB68BB60BA684FF6FF031340BB609C
:10508800FB681A02BB68134343F0BF6343F4003361
:10509800BB60044ABB68D36000BF1437BD465DF8E7
:1050A800047B704700ED00E080B400AF044BDB6880
:1050B8001B0A03F007031846BD465DF8047B7047DA
:1050C80000ED00E080B483B000AF0346FB7197F9B0
:1050D8000730002B0BDBFB7903F01F02074997F918
:1050E80007305B09012000FA02F241F8232000BFD3
:1050F8000C37BD465DF8047B704700BF00E100E057
:1051080080B483B000AF03463960FB7197F907306C
:10511800002B0ADB3B68DAB20C4997F90730120119
:10512800D2B20B4483F800230AE03B68DAB208499C
:10513800FB7903F00F03043B1201D2B20B441A7639
:1051480000BF0C37BD465DF8047B704700E100E006
:1051580000ED00E080B489B000AFF860B9607A6013
:10516800FB6803F00703FB61FB69C3F10703042B2A
:1051780028BF0423BB61FB690433062B02D9FB69F2
:10518800033B00E000237B614FF0FF32BB6902FA6A
:1051980003F3DA43BB681A407B699A404FF0FF314A
:1051A8007B6901FA03F3D9437B680B401343184624
:1051B8002437BD465DF8047B7047000080B582B097
:1051C80000AF78607B68013BB3F1807F01D3012396
:1051D8000FE00A4A7B68013B53600F214FF0FF3014
:1051E800FFF78EFF054B00229A60044B07221A60D6
:1051F800002318460837BD4680BD00BF10E000E018
:1052080080B582B000AF78607B68072B0FD07B68D1
:10521800062B0CD07B68052B09D07B68042B06D0A5
:105228007B68032B03D0A6210448FBF798FB78681A
:10523800FFF716FF00BF0837BD4680BD849A0008F7
:1052480080B586B000AF0346B9607A60FB737B68AF
:105258000F2B03D9BE210E48FBF781FBBB680F2B30
:1052680003D9BF210A48FBF77AFBFFF71DFF7861D6
:105278007A68B9687869FFF76DFF024697F90F30C9
:1052880011461846FFF73CFF00BF1837BD4680BDE2
:10529800849A000880B582B000AF0346FB7197F985
:1052A8000730002B03DAD2210548FBF758FB97F9A2
:1052B80007301846FFF706FF00BF0837BD4680BD18
:1052C800849A000880B582B000AF78607868FFF7EC
:1052D80075FF034618460837BD4680BD80B586B0C1
:1052E80000AF7860396000237B617B68B3F1904F31
:1052F8001BD07B68384A934217D07B68374A934261
:1053080013D07B68364A93420FD07B68354A934264
:105318000BD07B68344A934207D07B68334A934268
:1053280003D0A9213248FBF71AFB3B681B689BB2E4
:10533800002B05D03B681B681B0C1B04002B03D0FB
:10534800AA212B48FBF70BFB3B685B68002B00F09E
:1053580014823B685B68012B00F00F823B685B6836
:10536800112B00F00A823B685B68022B00F0058273
:105378003B685B68122B00F000823B685B68B3F502
:10538800881F00F0FA813B685B68B3F5041F00F0E2
:10539800F4813B685B68B3F5441F00F0EE813B681D
:1053A8005B68B3F5901F00F0E8813B685B68B3F574
:1053B800081F00F0E2813B685B68B3F5481F00F006
:1053C800DC813B685B68032B00F0D781AB21084880
:1053D800FBF7C5FAD1E100BF000400480008004807
:1053E800000C00480010004800140048001800484D
:1053F800009B00083B681A6801217B6901FA03F3E6
:105408001340FB60FB68002B00F0B4813B685B68CD
:1054180003F00303012B05D03B685B6803F003032B
:10542800022B44D13B68DB68002B0FD03B68DB685C
:10543800012B0BD03B68DB68022B07D03B68DB688D
:10544800032B03D0BB219048FBF789FA7B689B6844
:105458003B617B695B00032202FA03F3DB433A6991
:1054680013403B613B68DA687B695B0002FA03F32F
:105478003A6913433B617B683A699A607B685B6869
:105488003B6101227B6902FA03F3DB433A6913406B
:105498003B613B685B681B0903F001027B6902FA08
:1054A80003F33A6913433B617B683A695A603B6886
:1054B8005B6803F00303032B09D13B685B6803F0C7
:1054C8000303032B2BD13B689B68012B27D03B6838
:1054D8009B68002B0BD03B689B68012B07D03B686F
:1054E8009B68022B03D0CD216748FBF738FA7B680D
:1054F800DB683B617B695B00032202FA03F3DB4351
:105508003A6913403B613B689A687B695B0002FA21
:1055180003F33A6913433B617B683A69DA603B6895
:105528005B6803F00303022B4BD17B68B3F1904F08
:105538001BD07B68554A934217D07B68544A9342E4
:1055480013D07B68534A93420FD07B68524A9342E8
:105558000BD07B68514A934207D07B68504A9342EC
:1055680003D0DA214848FBF7FAF93B681B690F2B8F
:1055780003D9DB214448FBF7F2F97B69DA087B6839
:10558800083253F822303B617B6903F007039B0024
:105598000F2202FA03F3DB433A6913403B613B688D
:1055A8001A697B6903F007039B0002FA03F33A695F
:1055B80013433B617B69DA087B680832396943F831
:1055C80022107B681B683B617B695B00032202FA3F
:1055D80003F3DB433A6913403B613B685B6803F0C4
:1055E80003027B695B0002FA03F33A6913433B61E8
:1055F8007B683A691A603B685B6803F44033002BA8
:1056080000F0B880274B1B6E264A43F0010313664F
:10561800244B1B6E03F00103BB60BB68224A7B6905
:105628009B08023352F823303B617B6903F0030384
:105638009B000F2202FA03F3DB433A6913403B61F4
:105648007B68B3F1904F31D07B68104A934219D0F0
:105658007B680F4A934213D07B680E4A93420DD061
:105668007B680D4A934207D07B680C4A934201D16C
:1056780005231CE006231AE0042318E0032316E0A0
:10568800022314E0012312E0009B000800040048F4
:1056980000080048000C00480010004800140048AA
:1056A80000180048001002400000014000237A69F9
:1056B80002F00302920093403A6913433B61354973
:1056C8007B699B0802333A6941F82320324B9B6877
:1056D8003B61FB68DB433A6913403B613B685B68AD
:1056E80003F48013002B03D03A69FB6813433B6132
:1056F800294A3B699360284BDB683B61FB68DB43C5
:105708003A6913403B613B685B6803F40013002B64
:1057180003D03A69FB6813433B611F4A3B69D36076
:105728001D4B5B683B61FB68DB433A6913403B6197
:105738003B685B6803F40033002B03D03A69FB68CD
:1057480013433B61144A3B695360134B1B683B612D
:10575800FB68DB433A6913403B613B685B6803F4D1
:105768008033002B03D03A69FB6813433B610A4A34
:105778003B6913607B6901337B613B681A687B690D
:1057880022FA03F3002B7FF435AE00BF00BF1837B1
:10579800BD4680BD000001400004014080B582B0D4
:1057A80000AF78600B467B8013467B707B88002BAC
:1057B80004D07B881B0C1B04002B04D040F29B11E7
:1057C8000D48FBF7CCF87B78002B07D07B78012BB2
:1057D80004D04FF4CE710848FBF7C1F87B78002B52
:1057E80003D07A887B689A6102E07A887B689A623B
:1057F80000BF0837BD4680BD009B000880B584B057
:1058080000AF78607B68002B0BD07B68B3F5007F16
:1058180007D07B68B3F5806F03D09D214D48FBF717
:105828009EF87B68002B41D14B4B1B6803F4C06387
:10583800B3F5806F31D1484BD3F88030464A23F412
:105848008073C2F88030444B1B6823F4C063424A1B
:1058580043F400731360414B1B68322202FB03F3CD
:105868003F4AA2FB03239B0C0133FB6002E0FB6869
:10587800013BFB60384B5B6903F48063B3F5806FD1
:1058880002D1FB68002BF2D1334B5B6903F48063D0
:10589800B3F5806F58D1032357E02F4BD3F88030EE
:1058A8002D4A23F48073C2F880304DE07B68B3F54D
:1058B800007F41D1284B1B6803F4C063B3F5806FA8
:1058C80031D1254BD3F88030234A43F48073C2F892
:1058D8008030214B1B6823F4C0631F4A43F40073D4
:1058E80013601E4B1B68322202FB03F31C4AA2FB07
:1058F80003239B0C0133FB6002E0FB68013BFB6068
:10590800154B5B6903F48063B3F5806F02D1FB68C4
:10591800002BF2D1104B5B6903F48063B3F5806F01
:1059280012D1032311E00C4BD3F880300A4A43F418
:105938008073C2F8803007E0074B1B6823F4C0630C
:10594800054A43F480631360002318461037BD46A8
:1059580080BD00BF789B0008007000400000002058
:1059680083DE1B4380B400AF054B9B68044A43F4B5
:105978008043936000BFBD465DF8047B704700BF5D
:105988000070004080B582B000AF78607B68002B63
:1059980001D10123F3E07B681B687B4A934231D035
:1059A8007B681B68B3F1804F2CD07B681B68774AF3
:1059B800934227D07B681B68754A934222D07B6844
:1059C8001B68744A93421DD07B681B68724A9342D5
:1059D80018D07B681B68714A934213D07B681B6898
:1059E8006F4A93420ED07B681B686E4A934209D077
:1059F8007B681B686C4A934204D04FF491716B48E2
:105A0800FAF7ADFF7B689B68002B14D07B689B6816
:105A1800102B10D07B689B68202B0CD07B689B6870
:105A2800402B08D07B689B68602B04D040F2231180
:105A38005E48FAF794FF7B681B69002B0ED07B68E1
:105A48001B69B3F5807F09D07B681B69B3F5007FBC
:105A580004D04FF492715548FAF781FF7B681B68B0
:105A6800B3F1804F26D07B681B681B6803F4805312
:105A7800002B0FD17B68DB68002B06D07B68DB68C6
:105A8800B3F5803F01D2012300E0002303F00103B6
:105A9800DBB216E07B68DB68002B06D07B68DB682E
:105AA800434A934201D8012300E0002303F0010395
:105AB800DBB206E07B68DB68002B14BF0123002300
:105AC800DBB2002B04D140F225113848FAF747FF22
:105AD8007B689B69002B08D07B689B69802B04D06E
:105AE8004FF493713148FAF73AFF7B6893F83D30E9
:105AF800DBB2002B06D17B68002283F83C20786853
:105B0800FBF7A8F87B68022283F83D207B681A68B7
:105B18007B6804331946104602F0DAF97B680122E3
:105B280083F848207B68012283F83E207B680122A5
:105B380083F83F207B68012283F840207B6801229C
:105B480083F841207B68012283F842207B68012288
:105B580083F843207B68012283F844207B68012274
:105B680083F845207B68012283F846207B68012260
:105B780083F847207B68012283F83D2000231846DC
:105B88000837BD4680BD00BF002C0140000400401E
:105B9800000800400010004000140040003401409C
:105BA800004001400044014000480140F49B0008C7
:105BB800EFFF0F0080B582B000AF78607B68002BE4
:105BC80001D10123F3E07B681B687B4A934231D003
:105BD8007B681B68B3F1804F2CD07B681B68774AC1
:105BE800934227D07B681B68754A934222D07B6812
:105BF8001B68744A93421DD07B681B68724A9342A3
:105C080018D07B681B68714A934213D07B681B6865
:105C18006F4A93420ED07B681B686E4A934209D044
:105C28007B681B686C4A934204D040F2A2216B48FF
:105C3800FAF795FE7B689B68002B14D07B689B68FD
:105C4800102B10D07B689B68202B0CD07B689B683E
:105C5800402B08D07B689B68602B04D040F2A321BE
:105C68005E48FAF77CFE7B681B69002B0ED07B68C8
:105C78001B69B3F5807F09D07B681B69B3F5007F8A
:105C880004D04FF429715548FAF769FE7B681B6800
:105C9800B3F1804F26D07B681B681B6803F48053E0
:105CA800002B0FD17B68DB68002B06D07B68DB6894
:105CB800B3F5803F01D2012300E0002303F0010384
:105CC800DBB216E07B68DB68002B06D07B68DB68FC
:105CD800434A934201D8012300E0002303F0010363
:105CE800DBB206E07B68DB68002B14BF01230023CE
:105CF800DBB2002B04D140F2A5213848FAF72FFE79
:105D08007B689B69002B08D07B689B69802B04D03B
:105D180040F2A6213148FAF722FE7B6893F83D301D
:105D2800DBB2002B06D17B68002283F83C20786820
:105D380000F058F87B68022283F83D207B681A68D7
:105D48007B6804331946104602F0C2F87B680122CA
:105D580083F848207B68012283F83E207B68012273
:105D680083F83F207B68012283F840207B6801226A
:105D780083F841207B68012283F842207B68012256
:105D880083F843207B68012283F844207B68012242
:105D980083F845207B68012283F846207B6801222E
:105DA80083F847207B68012283F83D2000231846AA
:105DB8000837BD4680BD00BF002C014000040040EC
:105DC800000800400010004000140040003401406A
:105DD800004001400044014000480140F49B000895
:105DE800EFFF0F0080B483B000AF786000BF0C37BE
:105DF800BD465DF8047B704780B584B000AF78601D
:105E080039607B681B687A4A934211D13B68002B42
:105E180078D03B68042B75D03B68082B72D03B6860
:105E28000C2B6FD03B68102B6CD03B68142B69D0BF
:105E38007B681B68B3F1804F0BD13B68002B61D0A6
:105E48003B68042B5ED03B68082B5BD03B680C2B6F
:105E580058D07B681B68674A93420BD13B68002B7C
:105E680050D03B68042B4DD03B68082B4AD03B6888
:105E78000C2B47D07B681B685F4A93420BD13B6869
:105E8800002B3FD03B68042B3CD03B68082B39D013
:105E98003B680C2B36D07B681B68584A934211D15B
:105EA8003B68002B2ED03B68042B2BD03B68082B7B
:105EB80028D03B680C2B25D03B68102B22D03B68A0
:105EC800142B1FD07B681B684D4A934205D13B6851
:105ED800002B17D03B68042B14D07B681B68494AF9
:105EE800934202D13B68002B0CD07B681B68464A62
:105EF800934202D13B68002B04D040F22B31434837
:105F0800FAF72DFD3B68002B09D17B6893F83E30EA
:105F1800DBB2012B14BF01230023DBB23CE03B685A
:105F2800042B09D17B6893F83F30DBB2012B14BFF7
:105F380001230023DBB22FE03B68082B09D17B68E3
:105F480093F84030DBB2012B14BF01230023DBB2EE
:105F580022E03B680C2B09D17B6893F84130DBB217
:105F6800012B14BF01230023DBB215E03B68102B83
:105F780009D17B6893F84230DBB2012B14BF0123AF
:105F88000023DBB208E07B6893F84330DBB2012BD7
:105F980014BF01230023DBB2002B01D00123A7E0AB
:105FA8003B68002B04D17B68022283F83E2033E053
:105FB8003B68042B04D17B68022283F83F202BE046
:105FC8003B68082B04D17B68022283F8402023E039
:105FD8003B680C2B04D17B68022283F841201BE02C
:105FE8003B68102B14D17B68022283F8422013E00F
:105FF800002C01400004004000080040003401402B
:10600800004001400044014000480140F49B000862
:106018007B68022283F843207B681B680122396869
:10602800184602F07BFF7B681B68334A934213D003
:106038007B681B68314A93420ED07B681B68304AE4
:10604800934209D07B681B682E4A934204D07B6830
:106058001B682D4A934201D1012300E00023002B45
:1060680007D07B681B685A6C7B681B6842F4004247
:106078005A647B681B68204A934218D07B681B6867
:10608800B3F1804F13D07B681B68204A93420ED02F
:106098007B681B681E4A934209D07B681B68174AB5
:1060A800934204D07B681B68154A934215D17B68DC
:1060B8001B689A68174B1340FB60FB68062B15D0CA
:1060C800FB68B3F5803F11D07B681B681A687B6852
:1060D8001B6842F001021A6008E07B681B681A68B6
:1060E8007B681B6842F001021A6000E000BF0023D1
:1060F80018461037BD4680BD002C014000340140D1
:1061080000400140004401400048014000040040B4
:10611800000800400700010080B582B000AF786039
:106128007B68002B01D10123F3E07B681B687B4A65
:10613800934231D07B681B68B3F1804F2CD07B68C9
:106148001B68774A934227D07B681B68754A93423D
:1061580022D07B681B68744A93421DD07B681B68F9
:10616800724A934218D07B681B68714A934213D0D5
:106178007B681B686F4A93420ED07B681B686E4A27
:10618800934209D07B681B686C4A934204D040F262
:106198003F516B48FAF7E3FB7B689B68002B14D0F0
:1061A8007B689B68102B10D07B689B68202B0CD0D9
:1061B8007B689B68402B08D07B689B68602B04D069
:1061C8004FF4A8615E48FAF7CAFB7B681B69002B8D
:1061D8000ED07B681B69B3F5807F09D07B681B698B
:1061E800B3F5007F04D040F241515548FAF7B7FBA8
:1061F8007B681B68B3F1804F26D07B681B681B68DF
:1062080003F48053002B0FD17B68DB68002B06D08A
:106218007B68DB68B3F5803F01D2012300E00023EF
:1062280003F00103DBB216E07B68DB68002B06D0C5
:106238007B68DB68434A934201D8012300E00023CE
:1062480003F00103DBB206E07B68DB68002B14BFB8
:1062580001230023DBB2002B04D140F2425138481D
:10626800FAF77DFB7B689B69002B08D07B689B69EC
:10627800802B04D040F243513148FAF770FB7B6819
:1062880093F83D30DBB2002B06D17B68002283F8FF
:106298003C20786800F058F87B68022283F83D209B
:1062A8007B681A687B6804331946104601F010FEB3
:1062B8007B68012283F848207B68012283F83E200E
:1062C8007B68012283F83F207B68012283F8402005
:1062D8007B68012283F841207B68012283F84220F1
:1062E8007B68012283F843207B68012283F84420DD
:1062F8007B68012283F845207B68012283F84620C9
:106308007B68012283F847207B68012283F83D20BF
:10631800002318460837BD4680BD00BF002C014049
:106328000004004000080040001000400014004035
:106338000034014000400140004401400048014051
:10634800F49B0008EFFF0F0080B483B000AF7860C3
:1063580000BF0C37BD465DF8047B704780B584B03C
:1063680000AF786039607B681B687A4A934211D124
:106378003B68002B78D03B68042B75D03B68082B12
:1063880072D03B680C2B6FD03B68102B6CD03B68ED
:10639800142B69D07B681B68B3F1804F0BD13B6825
:1063A800002B61D03B68042B5ED03B68082B5BD088
:1063B8003B680C2B58D07B681B68674A93420BD10B
:1063C8003B68002B50D03B68042B4DD03B68082B12
:1063D8004AD03B680C2B47D07B681B685F4A9342C6
:1063E8000BD13B68002B3FD03B68042B3CD03B686B
:1063F800082B39D03B680C2B36D07B681B68584A71
:10640800934211D13B68002B2ED03B68042B2BD034
:106418003B68082B28D03B680C2B25D03B68102BF9
:1064280022D03B68142B1FD07B681B684D4A9342CF
:1064380005D13B68002B17D03B68042B14D07B6830
:106448001B68494A934202D13B68002B0CD07B68F9
:106458001B68464A934202D13B68002B04D04FF494
:10646800B9614348FAF77BFA3B68002B09D17B688E
:1064780093F83E30DBB2012B14BF01230023DBB2BB
:106488003CE03B68042B09D17B6893F83F30DBB2D2
:10649800012B14BF01230023DBB22FE03B68082B3C
:1064A80009D17B6893F84030DBB2012B14BF01237C
:1064B8000023DBB222E03B680C2B09D17B6893F800
:1064C8004130DBB2012B14BF01230023DBB215E0FE
:1064D8003B68102B09D17B6893F84230DBB2012B63
:1064E80014BF01230023DBB208E07B6893F8433034
:1064F800DBB2012B14BF01230023DBB2002B01D038
:106508000123A7E03B68002B04D17B68022283F8B3
:106518003E2033E03B68042B04D17B68022283F8D9
:106528003F202BE03B68082B04D17B68022283F8CC
:10653800402023E03B680C2B04D17B68022283F8BF
:1065480041201BE03B68102B14D17B68022283F8A2
:10655800422013E0002C01400004004000080040E5
:10656800003401400040014000440140004801401F
:10657800F49B00087B68022283F843207B681B6831
:1065880001223968184602F0C9FC7B681B68334A47
:10659800934213D07B681B68314A93420ED07B68C4
:1065A8001B68304A934209D07B681B682E4A934285
:1065B80004D07B681B682D4A934201D1012300E077
:1065C8000023002B07D07B681B685A6C7B681B680C
:1065D80042F400425A647B681B68204A934218D0F0
:1065E8007B681B68B3F1804F13D07B681B68204A17
:1065F80093420ED07B681B681E4A934209D07B6881
:106608001B68174A934204D07B681B68154A93425B
:1066180015D17B681B689A68174B1340FB60FB68B1
:10662800062B15D0FB68B3F5803F11D07B681B683B
:106638001A687B681B6842F001021A6008E07B68F0
:106648001B681A687B681B6842F001021A6000E048
:1066580000BF002318461037BD4680BD002C0140FE
:10666800003401400040014000440140004801401E
:1066780000040040000800400700010080B582B017
:1066880000AF786039607B68002B01D10123F6E008
:106698007B681B687C4A934231D07B681B68B3F1E6
:1066A800804F2CD07B681B68784A934227D07B6840
:1066B8001B68774A934222D07B681B68754A9342CD
:1066C8001DD07B681B68744A934218D07B681B688E
:1066D800724A934213D07B681B68714A93420ED06A
:1066E8007B681B686F4A934209D07B681B686E4AB7
:1066F800934204D040F664216C48FAF730F97B687D
:106708009B68002B14D07B689B68102B10D07B688B
:106718009B68202B0CD07B689B68402B08D07B683B
:106728009B68602B04D040F665216048FAF717F99A
:106738007B681B69002B0ED07B681B69B3F5807FD3
:1067480009D07B681B69B3F5007F04D040F6662149
:106758005648FAF704F93B68082B07D03B68002B2A
:1067680004D040F667215148FAF7F9F87B681B68AE
:10677800B3F1804F26D07B681B681B6803F48053F5
:10678800002B0FD17B68DB68002B06D07B68DB68A9
:10679800B3F5803F01D2012300E0002303F0010399
:1067A800DBB216E07B68DB68002B06D07B68DB6811
:1067B8003F4A934201D8012300E0002303F001037C
:1067C800DBB206E07B68DB68002B14BF01230023E3
:1067D800DBB2002B04D140F668213448FAF7BFF841
:1067E8007B689B69002B08D07B689B69802B04D051
:1067F80040F669212D48FAF7B2F87B6893F83D30E6
:10680800DBB2002B06D17B68002283F83C20786835
:1068180000F050F87B68022283F83D207B681A68F4
:106828007B6804331946104601F052FB7B681B68ED
:106838001A687B681B6822F008021A607B681B686C
:1068480019687B681B683A680A431A607B680122EA
:1068580083F848207B68012283F83E207B68012268
:1068680083F83F207B68012283F844207B6801225B
:1068780083F845207B68012283F83D2000231846D1
:106888000837BD4680BD00BF002C01400004004011
:10689800000800400010004000140040003401408F
:1068A800004001400044014000480140F49B0008BA
:1068B800EFFF0F0080B483B000AF786000BF0C37E3
:1068C800BD465DF8047B704780B586B000AFF860C0
:1068D800B9607A600023FB757B68002B16D07B6853
:1068E800042B13D07B68082B10D07B680C2B0DD0A1
:1068F8007B68102B0AD07B68142B07D07B683C2B55
:1069080004D041F22B018848FAF729F8BB681B68C4
:10691800002B27D0BB681B68102B23D0BB681B68D3
:10692800202B1FD0BB681B68302B1BD0BB681B6893
:10693800502B17D0BB681B68402B13D0BB681B6853
:10694800B3F5803F0ED0BB681B68784A934209D0E4
:10695800BB681B68764A934204D0BB681B68754ABB
:1069680093420FD1BB681B68714A934204D0BB683D
:106978001B68704A93420AD17B68082B07D07B6852
:106988000C2B04D041F22C016748F9F7E8FFBB68EB
:106998009B68002B08D0BB689B68022B04D041F28F
:1069A8002D016148F9F7DBFFFB6893F83C30012BB8
:1069B80001D1022327E1FB68012283F83C207B6890
:1069C800142B00F2188101A252F823F0296A00085A
:1069D800FF6B0008FF6B0008FF6B0008916A000856
:1069E800FF6B0008FF6B0008FF6B0008E56A0008F2
:1069F800FF6B0008FF6B0008FF6B00085D6B000869
:106A0800FF6B0008FF6B0008FF6B0008A76B00080E
:106A1800FF6B0008FF6B0008FF6B0008D36B0008D2
:106A2800FB681B68444A934227D0FB681B68B3F194
:106A3800804F22D0FB681B68404A93421DD0FB68F8
:106A48001B683F4A934218D0FB681B683D4A934233
:106A580013D0FB681B683C4A93420ED0FB681B6846
:106A68003A4A934209D0FB681B68394A934204D0DA
:106A780041F237012C48F9F772FFFB681B68B968C7
:106A8800184601F0BBFAB9E0FB681B682A4A934232
:106A98001DD0FB681B68B3F1804F18D0FB681B68DA
:106AA800264A934213D0FB681B68254A93420ED0AE
:106AB800FB681B68234A934209D0FB681B68224A7B
:106AC800934204D041F241011748F9F748FFFB68A7
:106AD8001B68B968184601F04BFB8FE0FB681B6820
:106AE800154A934218D0FB681B68B3F1804F13D046
:106AF800FB681B68114A93420ED0FB681B68104A5A
:106B0800934209D0FB681B680E4A934204D041F2B5
:106B18004B010548F9F723FFFB681B68B96818465D
:106B280001F0D8FB6AE000BFF49B000810000100E8
:106B38003000010020000100002C0140000400404A
:106B4800000800400034014000400140004401407A
:106B580000480140FB681B682D4A934218D0FB6827
:106B68001B68B3F1804F13D0FB681B68294A934216
:106B78000ED0FB681B68284A934209D0FB681B6843
:106B8800264A934204D041F255012548F9F7E7FE19
:106B9800FB681B68B968184601F04EFC2EE0FB68DC
:106BA8001B681B4A934209D0FB681B681B4A934227
:106BB80004D041F25F011A48F9F7D1FEFB681B685F
:106BC800B968184601F0EAFC18E0FB681B68104A2F
:106BD800934209D0FB681B68104A934204D041F2E3
:106BE80069010F48F9F7BBFEFB681B68B9681846CE
:106BF80001F038FD02E00123FB7500BFFB680022AD
:106C080083F83C20FB7D18461837BD4680BD00BF81
:106C1800002C0140000400400008004000340140FE
:106C2800F49B000880B586B000AFF860B9607A6060
:106C38000023FB757B68002B16D07B68042B13D0D0
:106C48007B68082B10D07B680C2B0DD07B68102B31
:106C58000AD07B68142B07D07B683C2B04D041F208
:106C6800F3018648F9F77BFEBB681B68602B1CD0D4
:106C7800BB681B68702B18D0BB681B68804A93429E
:106C880013D0BB681B687F4A93420ED0BB681B6851
:106C98007D4A934209D0BB681B687C4A934204D062
:106CA80041F2F4017548F9F75AFEBB689B68002B5E
:106CB80008D0BB689B68022B04D041F2F5016F48ED
:106CC800F9F74DFEBB681B69002B08D0BB681B6930
:106CD800042B04D041F2F6016848F9F740FEFB683E
:106CE80093F83C30012B01D10223C3E1FB68012258
:106CF80083F83C207B68142B00F2B48101A252F87F
:106D080023F000BF616D00086D7000086D70000809
:106D18006D700008FB6D00086D7000086D7000084C
:106D28006D700008B56E00086D7000086D70000881
:106D38006D700008316F00086D7000086D700008F4
:106D48006D700008AF6F00086D7000086D70000866
:106D58006D7000080D700008FB681B684C4A934270
:106D680027D0FB681B68B3F1804F22D0FB681B68F3
:106D7800484A93421DD0FB681B68474A934218D083
:106D8800FB681B68454A934213D0FB681B68444A5A
:106D980093420ED0FB681B68424A934209D0FB68B5
:106DA8001B68414A934204D04FF488513348F9F79D
:106DB800D6FDFB681B68B968184601F01FF9FB6827
:106DC8001B689A69FB681B6842F008029A61FB68B5
:106DD8001B689A69FB681B6822F004029A61FB68C9
:106DE8001B689969BB681A69FB681B680A439A6142
:106DF8003BE1FB681B68264A93421DD0FB681B6871
:106E0800B3F1804F18D0FB681B68224A934213D015
:106E1800FB681B68204A93420ED0FB681B681F4A18
:106E2800934209D0FB681B681D4A934204D041F283
:106E380011111248F9F793FDFB681B68B9681846E9
:106E480001F096F9FB681B689A69FB681B6842F4B5
:106E580000629A61FB681B689A69FB681B6822F4E8
:106E680080629A61FB681B689969BB681B691A0292
:106E7800FB681B680A439A61F7E000BFF49B0008AF
:106E88004000010050000100600001007000010096
:106E9800002C01400004004000080040003401407C
:106EA800004001400044014000480140FB681B6865
:106EB800724A934218D0FB681B68B3F1804F13D015
:106EC800FB681B686E4A93420ED0FB681B686D4ACC
:106ED800934209D0FB681B686B4A934204D041F285
:106EE80022116A48F9F73BFDFB681B68B968184628
:106EF80001F0F0F9FB681B68DA69FB681B6842F06F
:106F08000802DA61FB681B68DA69FB681B6822F013
:106F18000402DA61FB681B68D969BB681A69FB68F7
:106F28001B680A43DA61A0E0FB681B68534A934276
:106F380018D0FB681B68B3F1804F13D0FB681B683F
:106F48004F4A93420ED0FB681B684E4A934209D0C1
:106F5800FB681B684C4A934204D041F233114B48FA
:106F6800F9F7FDFCFB681B68B968184601F064FA7C
:106F7800FB681B68DA69FB681B6842F40062DA6127
:106F8800FB681B68DA69FB681B6822F48062DA61B7
:106F9800FB681B68D969BB681B691A02FB681B6818
:106FA8000A43DA6161E0FB681B68344A934209D0FE
:106FB800FB681B68344A934204D041F244113348B9
:106FC800F9F7CDFCFB681B68B968184601F0E6FACA
:106FD800FB681B681A6DFB681B6842F008021A659B
:106FE800FB681B681A6DFB681B6822F004021A65AF
:106FF800FB681B68196DBB681A69FB681B680A4344
:107008001A6532E0FB681B681C4A934209D0FB688A
:107018001B681D4A934204D041F255111B48F9F7E9
:107028009EFCFB681B68B968184601F01BFBFB68EF
:107038001B681A6DFB681B6842F400621A65FB68DE
:107048001B681A6DFB681B6822F480621A65FB686E
:107058001B68196DBB681B691A02FB681B680A4329
:107068001A6502E00123FB7500BFFB68002283F864
:107078003C20FB7D18461837BD4680BD002C0140DA
:10708800000400400008004000340140F49B000860
:1070980080B584B000AF786039600023FB737B68EB
:1070A80093F83C30012B02D1022300F0EEBC7B6840
:1070B800012283F83C207B68022283F83D203B684C
:1070C8001B68B3F5805F42D03B681B68702B3ED0CD
:1070D8003B681B68B3F5005F39D03B681B68402BE1
:1070E80035D03B681B68502B31D03B681B68602B40
:1070F8002DD03B681B68002B29D03B681B68102BE0
:1071080025D03B681B68202B21D03B681B68302B9F
:107118001DD03B681B68B3F1101F18D03B681B6873
:10712800674A934213D03B681B68664A93420ED065
:107138003B681B68644A934209D03B681B68634AF2
:10714800934204D041F2C5516148F9F708FC7B68C5
:107158001B689B68BB60BB6823F4441323F0770368
:10716800BB60BB6823F47F43BB607B681B68BA685D
:107178009A603B681B68554A934200F0B182534AB3
:10718800934200F27584504A934200F0A9824E4A15
:10719800934200F26D844B4A934200F0A182494A1F
:1071A800934200F26584464A934200F09982444A29
:1071B800934200F25D84B3F1101F00F09182B3F1A5
:1071C800101F00F25584B3F5005F00F00581B3F598
:1071D800005F00F24D84B3F5805F2FD0B3F5805F78
:1071E80000F24684702B00F08780702B00F24084F8
:1071F800602B00F0BD81602B00F23A84502B00F028
:107208006181502B00F23484402B00F00782402B20
:1072180000F22E84302B00F06382302B00F2288499
:10722800202B00F05D82202B00F22284002B00F03E
:107238005782102B00F0548200F01ABC7B681B6840
:10724800244A934200F017847B681B68B3F1804F8F
:1072580000F011847B681B681F4A934200F00B847E
:107268007B681B681D4A934200F005847B681B6895
:107278001B4A934200F0FF837B681B68194A9342BC
:1072880000F0F9837B681B68174A934200F0F38388
:107298007B681B68154A934200F0ED837B681B6886
:1072A800134A934200F0E7837B681B68114A9342B4
:1072B80000F0E18341F2D1510548F9F750FBDAE3D8
:1072C8002000100030001000400010007000100076
:1072D800F49B0008002C0140000400400008004016
:1072E80000100040001400400034014000400140FC
:1072F80000440140004801407B681B686C4A934287
:1073080018D07B681B68B3F1804F13D07B681B686B
:10731800684A93420ED07B681B68674A934209D03B
:107328007B681B68654A934204D041F2D85164488F
:10733800F9F715FB3B689B68002B13D03B689B68EB
:10734800B3F5805F0ED03B689B68B3F5005F09D04A
:107358003B689B68B3F5405F04D041F2DB51584865
:10736800F9F7FDFA3B685B68B3F5004F14D03B684A
:107378005B68002B10D03B685B68002B0CD03B6827
:107388005B68022B08D03B685B680A2B04D041F28B
:10739800DC514B48F9F7E3FA3B68DB680F2B04D95B
:1073A80041F2DD514648F9F7DAFA7B6818683B681C
:1073B80099683B685A683B68DB6801F08FFD7B6819
:1073C8001B689B68BB60BB6843F07703BB607B6846
:1073D8001B68BA689A604FE37B681B68344A93421B
:1073E80018D07B681B68B3F1804F13D07B681B688B
:1073F800304A93420ED07B681B682F4A934209D0CB
:107408007B681B682D4A934204D041F2F0512C4806
:10741800F9F7A5FA3B689B68002B13D03B689B687B
:10742800B3F5805F0ED03B689B68B3F5005F09D069
:107438003B689B68B3F5405F04D041F2F3512048A4
:10744800F9F78DFA3B685B68B3F5004F14D03B68D9
:107458005B68002B10D03B685B68002B0CD03B6846
:107468005B68022B08D03B685B680A2B04D041F2AA
:10747800F4511348F9F773FA3B68DB680F2B04D90A
:1074880041F2F5510E48F9F76AFA7B6818683B68CB
:1074980099683B685A683B68DB6801F01FFD7B68A8
:1074A8001B689A687B681B6842F480429A60E3E232
:1074B800002C014000040040000800400034014056
:1074C800F49B00087B681B687F4A93421DD07B6849
:1074D8001B68B3F1804F18D07B681B687B4A9342C6
:1074E80013D07B681B687A4A93420ED07B681B686E
:1074F800784A934209D07B681B68774A934204D044
:1075080041F204617548F9F72AFA3B685B68B3F5FC
:10751800004F14D03B685B68002B10D03B685B6859
:10752800002B0CD03B685B68022B08D03B685B687B
:107538000A2B04D041F207616848F9F710FA3B6852
:10754800DB680F2B04D941F208616448F9F707FAA0
:107558007B6818683B6859683B68DB681A4601F025
:1075680041FC7B681B685021184601F09AFC83E2B5
:107578007B681B68544A93421DD07B681B68B3F133
:10758800804F18D07B681B68504A934213D07B68A1
:107598001B684F4A93420ED07B681B684D4A934242
:1075A80009D07B681B684C4A934204D041F21461AD
:1075B8004A48F9F7D4F93B685B68B3F5004F14D033
:1075C8003B685B68002B10D03B685B68002B0CD0D5
:1075D8003B685B68022B08D03B685B680A2B04D0C9
:1075E80041F217613D48F9F7BAF93B68DB680F2BA0
:1075F80004D941F218613948F9F7B1F97B6818687C
:107608003B6859683B68DB681A4601F01AFC7B68DE
:107618001B686021184601F044FC2DE27B681B685A
:10762800294A93421DD07B681B68B3F1804F18D05C
:107638007B681B68254A934213D07B681B68244AE1
:1076480093420ED07B681B68224A934209D07B681C
:107658001B68214A934204D041F224611F48F9F77C
:107668007EF93B685B68B3F5004F14D03B685B68F4
:10767800002B10D03B685B68002B0CD03B685B6824
:10768800022B08D03B685B680A2B04D041F22761C3
:107698001248F9F764F93B68DB680F2B04D941F20B
:1076A80028610E48F9F75BF97B6818683B685968E8
:1076B8003B68DB681A4601F095FB7B681B68402134
:1076C800184601F0EEFBD7E1002C01400004004011
:1076D800000800400034014000400140F49B0008CD
:1076E8007B681B689C4A934246D13B681B68B3F58C
:1076F800805F00F0B4813B681B68702B00F0AF819D
:107708003B681B68B3F5005F00F0A9813B681B6804
:10771800402B00F0A4813B681B68502B00F09F8130
:107728003B681B68602B00F09A813B681B68102B34
:1077380000F095813B681B68202B00F090813B6826
:107748001B68302B00F08B813B681B68B3F1101F5E
:1077580000F085813B681B68804A934200F07F8176
:107768003B681B687E4A934200F079813B681B683E
:107778007C4A934200F073817B681B68B3F1804FA9
:107788004CD13B681B68B3F5805F00F068813B68AB
:107798001B68B3F5005F00F062813B681B68702BC3
:1077A80000F05D813B681B68402B00F058813B6806
:1077B8001B68502B00F053813B681B68602B00F05E
:1077C8004E813B681B68002B00F049813B681B68B1
:1077D800202B00F044813B681B68302B00F03F8170
:1077E8003B681B68B3F1101F00F039813B681B68C8
:1077F8005A4A934200F033813B681B68584A9342C7
:1078080000F02D813B681B68564A934200F027819F
:107818003B681B68544A934200F021817B681B68CF
:10782800524A934246D13B681B68B3F5805F00F02B
:1078380016813B681B68702B00F011813B681B6840
:10784800B3F5005F00F00B813B681B68402B00F02C
:1078580006813B681B68502B00F001813B681B6860
:10786800602B00F0FC803B681B68002B00F0F78061
:107878003B681B68102B00F0F2803B681B68302BBC
:1078880000F0ED803B681B68B3F1101F00F0E78043
:107898003B681B68314A934200F0E1803B681B68F3
:1078A8002F4A934200F0DB803B681B682D4A9342C5
:1078B80000F0D5807B681B682D4A934246D13B680F
:1078C8001B68B3F5805F00F0CA803B681B68B3F59E
:1078D800005F00F0C4803B681B68702B00F0BF801D
:1078E8003B681B68402B00F0BA803B681B68502B34
:1078F80000F0B5803B681B68602B00F0B0803B68E7
:107908001B68002B00F0AB803B681B68102B00F055
:10791800A6803B681B68202B00F0A1803B681B6891
:10792800B3F1101F00F09B803B681B680B4A934221
:1079380000F095803B681B68094A934200F08F80ED
:107948003B681B68074A934200F089807B681B6884
:10795800084A934249D10FE0002C01402000100052
:1079680030001000400010007000100000040040BB
:1079780000080040003401403B681B68B3F5805F95
:107988006DD03B681B68B3F5005F68D03B681B6827
:10799800702B64D03B681B68402B60D03B681B6829
:1079A800502B5CD03B681B68602B58D03B681B6829
:1079B800002B54D03B681B68102B50D03B681B68C9
:1079C800202B4CD03B681B68302B48D03B681B6889
:1079D800304A934243D03B681B682F4A93423ED0BB
:1079E8003B681B682D4A934239D07B681B682C4A38
:1079F80093422FD13B681B68B3F5805F2FD03B685B
:107A08001B68402B2BD03B681B68502B27D03B684A
:107A18001B68602B23D03B681B68002B1FD03B687A
:107A28001B68102B1BD03B681B68202B17D03B68AA
:107A38001B68302B13D03B681B68B3F1101F0ED0A6
:107A48003B681B68144A934209D03B681B68134A79
:107A5800934204D041F245611248F8F780FF7B68F1
:107A68001A683B681B681946104601F01AFA03E0C9
:107A78000123FB7300E000BF7B68012283F83D20EF
:107A88007B68002283F83C20FB7B18461037BD46F4
:107A980080BD00BF20001000300010004000100022
:107AA80000400140F49B000880B582B000AF7860C8
:107AB80039607B681B68974A93421DD07B681B68B6
:107AC800B3F1804F18D07B681B68934A934213D058
:107AD8007B681B68914A93420ED07B681B68904A6A
:107AE800934209D07B681B688E4A934204D041F2C6
:107AF80085618D48F8F733FF3B681B68002B1ED063
:107B08003B681B68042B1AD03B681B68052B16D0F2
:107B18003B681B68062B12D03B681B68072B0ED0EE
:107B28003B681B68B3F5803F09D03B681B68B3F11D
:107B3800011F04D041F286617B48F8F710FF7B688B
:107B48001B68744A93423AD13B685B68402B00F04B
:107B580076813B685B68502B00F071813B685B68FD
:107B6800602B00F06C813B685B68702B00F06781CC
:107B78003B685B68102B00F062813B685B68202BD8
:107B880000F05D813B685B68302B00F058813B68F2
:107B98005B68B3F1101F00F052813B685B68634A71
:107BA800934200F04C813B685B68614A934200F065
:107BB80046813B685B685F4A934200F040817B687E
:107BC8001B68B3F1804F40D13B685B68402B00F0E5
:107BD80036813B685B68502B00F031813B685B68FD
:107BE800602B00F02C813B685B68702B00F02781CC
:107BF8003B685B68002B00F022813B685B68202BA8
:107C080000F01D813B685B68302B00F018813B68F1
:107C18005B68B3F1101F00F012813B685B68434A50
:107C2800934200F00C813B685B68414A934200F044
:107C380006813B685B683F4A934200F000813B68DD
:107C48005B683D4A934200F0FA807B681B68324AC1
:107C580093423AD13B685B68402B00F0F0803B6868
:107C68005B68502B00F0EB803B685B68602B00F092
:107C7800E6803B685B68702B00F0E1803B685B68DE
:107C8800002B00F0DC803B685B68102B00F0D7808D
:107C98003B685B68302B00F0D2803B685B68B3F1CF
:107CA800101F00F0CC803B685B68204A934200F0CC
:107CB800C6803B685B681E4A934200F0C0803B6800
:107CC8005B681C4A934200F0BA807B681B68134AC1
:107CD80093424BD13B685B68402B00F0B0803B6817
:107CE8005B68502B00F0AB803B685B68602B00F052
:107CF800A6803B685B68702B00F0A1803B685B68DE
:107D0800002B00F09C803B685B68102B00F097808C
:107D180014E000BF002C01400004004000080040AF
:107D28000034014000400140F49B0008200010008E
:107D38003000100040001000700010003B685B68C5
:107D4800202B7CD03B685B68B3F1101F77D03B6871
:107D58005B68594A934272D03B685B68574A9342C2
:107D68006DD03B685B68564A934268D07B681B6855
:107D7800544A93422ED13B685B68402B5FD03B68E6
:107D88005B68502B5BD03B685B68602B57D03B68C7
:107D98005B68702B53D03B685B68002B4FD03B6807
:107DA8005B68102B4BD03B685B68202B47D03B6847
:107DB8005B68302B43D03B685B683F4A93423ED0B8
:107DC8003B685B683D4A934239D03B685B683C4AF4
:107DD800934234D07B681B683B4A93422AD13B6864
:107DE8005B68402B2BD03B685B68502B27D03B68E7
:107DF8005B68602B23D03B685B68002B1FD03B6817
:107E08005B68102B1BD03B685B68202B17D03B6846
:107E18005B68302B13D03B685B68B3F1101F0ED042
:107E28003B685B68254A934209D03B685B68244AF3
:107E3800934204D041F287612448F8F790FD7B68AB
:107E480093F83C30012B01D1022331E07B680122F9
:107E580083F83C207B68022283F83D2039687868E3
:107E680000F066FC0346002B09D07B68012283F8EA
:107E78003D207B68002283F83C20012318E07B68C2
:107E88001B68DA687B681B6822F04002DA607B684E
:107E98001B68DA687B681B6822F48042DA607B68BA
:107EA800012283F83D207B68002283F83C200023D0
:107EB80018460837BD4680BD20001000300010006D
:107EC800400010000034014000400140F49B0008CD
:107ED80080B485B000AF786039607B681B68FB6050
:107EE8007B683F4A93420FD07B68B3F1804F0BD039
:107EF8007B683C4A934207D07B683B4A934203D055
:107F08007B683A4A934208D1FB6823F07003FB6010
:107F18003B685B68FA681343FB607B68304A9342AE
:107F28001BD07B68B3F1804F17D07B682D4A9342F2
:107F380013D07B682C4A93420FD07B682B4A93421C
:107F48000BD07B682A4A934207D07B68294A934220
:107F580003D07B68284A934208D1FB6823F4407316
:107F6800FB603B68DB68FA681343FB60FB6823F03F
:107F780080023B685B691343FB603B689A687B68D7
:107F8800DA623B681A687B689A627B68144A934293
:107F98000FD07B68154A93420BD07B68144A9342F2
:107FA80007D07B68134A934203D07B68124A9342F6
:107FB80003D13B681A697B681A637B681B6843F0C6
:107FC80004027B681A607B6801225A617B68FA6840
:107FD8001A6000BF1437BD465DF8047B704700BFC8
:107FE800002C01400004004000080040003401401B
:107FF80000400140004401400048014080B586B07F
:1080080000AF786039607B681B6A7B617B681B6A9C
:1080180023F001027B681A627B685B683B617B68BE
:108028009B69FB60FB6823F4803323F07003FB60DB
:10803800FB6823F00303FB603B681B68FA68134383
:10804800FB607B6923F002037B613B689B687A696C
:1080580013437B617B68404A93420FD07B683F4A59
:1080680093420BD07B683E4A934207D07B683D4AD7
:10807800934203D07B683C4A934219D13B68DB6842
:10808800002B08D03B68DB68082B04D041F6184168
:108098003648F8F764FC7B6923F008037B613B688A
:1080A800DB687A6913437B617B6923F004037B6196
:1080B8007B68294A93420FD07B68284A93420BD0A9
:1080C8007B68274A934207D07B68264A934203D0AD
:1080D8007B68254A93422DD13B689B69B3F5007FA5
:1080E80008D03B689B69002B04D041F625411F4806
:1080F800F8F735FC3B685B69B3F5807F08D03B68CF
:108108005B69002B04D041F626411848F8F727FC94
:108118003B6923F480733B613B6923F400733B6143
:108128003B685B693A6913433B613B689B693A6901
:1081380013433B617B683A695A607B68FA689A61C5
:108148003B685A687B685A637B687A691A6200BF21
:108158001837BD4680BD00BF002C014000340140E7
:10816800004001400044014000480140F49B0008E1
:1081780080B586B000AF786039607B681B6A7B6128
:108188007B681B6A23F010027B681A627B685B6855
:108198003B617B689B69FB60FB6823F0807323F479
:1081A800E043FB60FB6823F44073FB603B681B689B
:1081B8001B02FA681343FB607B6923F020037B6191
:1081C8003B689B681B017A6913437B617B683B4A68
:1081D800934203D07B683A4A93421AD13B68DB68E2
:1081E800002B08D03B68DB68082B04D041F66441BB
:1081F8003448F8F7B4FB7B6923F080037B613B6864
:10820800DB681B017A6913437B617B6923F04003B8
:108218007B617B68294A93420FD07B68284A934246
:108228000BD07B68284A934207D07B68274A934241
:1082380003D07B68264A93422FD13B689B69B3F5EC
:10824800007F08D03B689B69002B04D041F6714140
:108258001C48F8F784FB3B685B69B3F5807F08D05E
:108268003B685B69002B04D041F672411548F8F76A
:1082780076FB3B6923F480633B613B6923F400632D
:108288003B613B685B699B003A6913433B613B6810
:108298009B699B003A6913433B617B683A695A6062
:1082A8007B68FA689A613B685A687B689A637B685E
:1082B8007A691A6200BF1837BD4680BD002C01409C
:1082C80000340140F49B0008004001400044014094
:1082D8000048014080B586B000AF786039607B689F
:1082E8001B6A7B617B681B6A23F480727B681A6255
:1082F8007B685B683B617B68DB69FB60FB6823F438
:10830800803323F07003FB60FB6823F00303FB60FA
:108318003B681B68FA681343FB607B6923F40073AE
:108328007B613B689B681B027A6913437B617B68AE
:108338003B4A934203D07B683A4A93421AD13B683E
:10834800DB68002B08D03B68DB68082B04D041F6BB
:10835800AF413548F8F703FB7B6923F400637B6181
:108368003B68DB681B027A6913437B617B6923F4F2
:1083780080637B617B682A4A93420FD07B68294AD5
:1083880093420BD07B68294A934207D07B68284ADE
:10839800934203D07B68274A93422FD13B689B695D
:1083A800B3F5007F08D03B689B69002B04D041F6E9
:1083B800BC411D48F8F7D3FA3B685B69B3F5807F89
:1083C80008D03B685B69002B04D041F6BD411648D4
:1083D800F8F7C5FA3B6923F480533B613B6923F402
:1083E80000533B613B685B691B013A6913433B617E
:1083F8003B689B691B013A6913433B617B683A6997
:108408005A607B68FA68DA613B685A687B68DA63A5
:108418007B687A691A6200BF1837BD4680BD00BF05
:10842800002C014000340140F49B0008004001404A
:10843800004401400048014080B586B000AF786034
:1084480039607B681B6A7B617B681B6A23F48052F6
:108458007B681A627B685B683B617B68DB69FB60F1
:10846800FB6823F0807323F4E043FB60FB6823F48C
:108478004073FB603B681B681B02FA681343FB6090
:108488007B6923F400537B613B689B681B037A6913
:1084980013437B617B683B4A934203D07B683A4A2B
:1084A80093421AD13B68DB68002B08D03B68DB6835
:1084B800082B04D041F6FB413448F8F750FA7B69A1
:1084C80023F400437B613B68DB681B037A69134331
:1084D8007B617B6923F480437B617B68294A9342F3
:1084E8000FD07B68284A93420BD07B68284A934276
:1084F80007D07B68274A934203D07B68264A934279
:108508002FD13B689B69B3F5007F08D03B689B6916
:10851800002B04D041F608511C48F8F720FA3B68B4
:108528005B69B3F5807F08D03B685B69002B04D09A
:1085380041F609511548F8F712FA3B6923F48043CC
:108548003B613B6923F400433B613B685B699B01EA
:108558003A6913433B613B689B699B013A69134342
:108568003B617B683A695A607B68FA68DA613B6804
:108578005A687B681A647B687A691A6200BF183780
:10858800BD4680BD002C014000340140F49B00082A
:1085980000400140004401400048014080B487B0D9
:1085A80000AF786039607B681B6A3B617B681B6A37
:1085B80023F480327B681A627B685B687B617B6826
:1085C8001B6DFB60FB6823F4803323F07003FB60B2
:1085D8003B681B68FA681343FB603B6923F400336C
:1085E8003B613B689B681B043A6913433B617B68AA
:1085F800174A93420FD07B68164A93420BD07B6888
:10860800154A934207D07B68144A934203D07B688B
:10861800134A934209D17B6923F480337B613B6819
:108628005B691B027A6913437B617B687A695A60CC
:108638007B68FA681A653B685A687B689A647B6845
:108648003A691A6200BF1C37BD465DF8047B704763
:10865800002C01400034014000400140004401402A
:108668000048014080B487B000AF786039607B680B
:108678001B6A3B617B681B6A23F480127B681A6261
:108688007B685B687B617B681B6DFB60FB6823F024
:10869800807323F4E043FB603B681B681B02FA68A5
:1086A8001343FB603B6923F400133B613B689B6801
:1086B8001B053A6913433B617B68184A93420FD004
:1086C8007B68174A93420BD07B68164A934207D0BF
:1086D8007B68154A934203D07B68144A934209D1B8
:1086E8007B6923F480237B613B685B699B027A6921
:1086F80013437B617B687A695A607B68FA681A65FC
:108708003B685A687B68DA647B683A691A6200BF1A
:108718001C37BD465DF8047B704700BF002C014044
:10872800003401400040014000440140004801403D
:1087380080B586B000AF786039600023FB757B6830
:108748001B689B683B613B6923F4401323F070036B
:108758003B613B685B683A6913433B613B6923F4BF
:10876800803323F007033B613B681B683A69134376
:108778003B617B681B683A699A603B685B688C4A16
:10878800934200F0E7818A4A934200F22183894AA2
:10879800934200F0DF81874A934200F21983864AA8
:1087A800934200F0D781844A934200F21183834AAE
:1087B800934200F0CF81814A934200F20983B3F1DA
:1087C800101F00F0C781B3F1101F00F20183702B56
:1087D80026D0702B00F2FC82602B00F05B81602BAE
:1087E80000F2F682502B00F0FB80502B00F2F08252
:1087F800402B79D0402B00F2EB82302B00F0AA817D
:10880800302B00F2E582202B00F0A481202B00F20F
:10881800DF82002B00F09E81102B00F09B81D7E2B5
:108828007B681B68664A934218D07B681B68B3F163
:10883800804F13D07B681B68624A93420ED07B68D6
:108848001B68614A934209D07B681B685F4A934260
:1088580004D041F6B4515E48F8F781F83B68DB680C
:10886800002B13D03B68DB68B3F5805F0ED03B6804
:10887800DB68B3F5005F09D03B68DB68B3F5405FA0
:1088880004D041F6B5515248F8F769F83B689B683F
:10889800B3F5004F14D03B689B68002B10D03B68A1
:1088A8009B68002B0CD03B689B68022B08D03B6868
:1088B8009B680A2B04D041F6B6514548F8F74FF8A3
:1088C8003B681B690F2B04D941F6B7514048F8F7AC
:1088D80046F87B6818683B68D9683B689A683B68C3
:1088E8001B6900F0FBFA77E27B681B68344A934205
:1088F80027D07B681B68B3F1804F22D07B681B6848
:10890800304A93421DD07B681B682F4A934218D087
:108918007B681B682D4A934213D07B681B682D4ADD
:1089280093420ED07B681B682B4A934209D07B6820
:108938001B682A4A934204D041F6C3512448F8F7E9
:108948000EF83B681B690F2B04D941F6C451204827
:10895800F8F705F83B681B68052B04D03B681B68D3
:10896800B3F1011F01D1012337E27B681B681B6A41
:10897800FB607B681B681A6A7B681B6822F001022F
:108988001A627B681B689B69BB60BB6823F0F003B5
:10899800BB603B681B691B01BA681343BB607B68FB
:1089A8001B68BA689A617B681B68FA681A6213E2E6
:1089B800700010004000100030001000200010006F
:1089C800002C014000040040000800400034014031
:1089D800F49B000800400140004401400048014069
:1089E8007B681B68534A934227D07B681B68B3F1A6
:1089F800804F22D07B681B684F4A93421DD07B680A
:108A08001B684E4A934218D07B681B684C4A9342B5
:108A180013D07B681B684B4A93420ED07B681B6857
:108A2800494A934209D07B681B68484A934204D05C
:108A380041F6DE514648F7F792FF3B689B68B3F56D
:108A4800004F14D03B689B68002B10D03B689B6894
:108A5800002B0CD03B689B68022B08D03B689B68B6
:108A68000A2B04D041F6DF513948F7F778FF3B6805
:108A78001B690F2B04D94FF4EF513548F7F76FFFF7
:108A88007B6818683B6899683B681B691A4600F060
:108A9800A9F9A1E17B681B68264A93421DD07B682F
:108AA8001B68B3F1804F18D07B681B68224A934239
:108AB80013D07B681B68214A93420ED07B681B68E1
:108AC8001F4A934209D07B681B681E4A934204D010
:108AD80041F6EC511E48F7F742FF3B689B68B3F537
:108AE800004F14D03B689B68002B10D03B689B68F4
:108AF800002B0CD03B689B68022B08D03B689B6816
:108B08000A2B04D041F6ED511148F7F728FF3B68CE
:108B18001B690F2B04D941F6EE510D48F7F71FFFDB
:108B28007B6818683B6899683B681B691A4600F0BF
:108B380088F951E1002C0140000400400008004081
:108B48000034014000400140004401400048014019
:108B5800F49B00087B681B68934A93422DD13B68BD
:108B68005B68102B00F037813B685B68202B00F0B6
:108B780032813B685B68302B00F02D813B685B6875
:108B8800B3F1101F00F027813B685B68874A934266
:108B980000F021813B685B68854A934200F01B81A5
:108BA8003B685B68834A934200F015813B685B68C9
:108BB8004FF6FF72934200F00E817B681B68B3F199
:108BC800804F33D13B685B68002B00F004813B6821
:108BD8005B68202B00F0FF803B685B68302B00F05F
:108BE800FA803B685B68B3F1101F00F0F4803B68C3
:108BF8005B686E4A934200F0EE803B685B686C4AA3
:108C0800934200F0E8803B685B686A4A934200F050
:108C1800E2803B685B68684A934200F0DC803B680E
:108C28005B684FF6FF72934200F0D5807B681B6843
:108C3800624A93422DD13B685B68002B00F0CB80E1
:108C48003B685B68102B00F0C6803B685B68302B84
:108C580000F0C1803B685B68B3F1101F00F0BB8077
:108C68003B685B68514A934200F0B5803B685B689B
:108C78004F4A934200F0AF803B685B684D4A93428D
:108C880000F0A9803B685B684FF6FF72934200F0E2
:108C9800A2807B681B684A4A93422AD13B685B687A
:108CA800002B00F098803B685B68102B00F09380E5
:108CB8003B685B68202B00F08E803B685B68B3F1F3
:108CC800101F00F088803B685B68384A934200F0C8
:108CD80082803B685B68364A93427CD03B685B681D
:108CE800344A934277D03B685B684FF6FF729342F1
:108CF80071D07B681B68334A934224D13B685B6818
:108D0800002B68D03B685B68102B64D03B685B68BD
:108D1800202B60D03B685B68302B5CD03B685B687D
:108D2800224A934257D03B685B68214A934252D00B
:108D38003B685B681F4A93424DD03B685B684FF6BF
:108D4800FF72934247D07B681B681F4A934224D125
:108D58003B685B68002B3ED03B685B68102B3AD0C1
:108D68003B685B68202B36D03B685B68302B32D081
:108D78003B685B68B3F1101F2DD03B685B680C4AF9
:108D8800934228D03B685B680A4A934223D03B68E9
:108D98005B684FF6FF7293421DD041F60B610B489A
:108DA800F7F7DDFD17E000BF002C014020001000A0
:108DB8003000100040001000700010000004004057
:108DC800000800400034014000400140F49B0008C6
:108DD8000123FB7500E000BFFB7D18461837BD4630
:108DE80080BD00BF80B487B000AFF860B9607A601A
:108DF800FB681B6A7B61FB681B6A23F00102FB6846
:108E08001A62FB689B693B613B6923F0F0033B6195
:108E18007B681B013A6913433B617B6923F00A03B2
:108E28007B617A69BB6813437B61FB683A699A6125
:108E3800FB687A691A6200BF1C37BD465DF8047B7F
:108E4800704780B487B000AFF860B9607A60FB689B
:108E58001B6A7B61FB681B6A23F01002FB681A62BD
:108E6800FB689B693B613B6923F470433B617B680A
:108E78001B033A6913433B617B6923F0A0037B61C1
:108E8800BB681B017A6913437B61FB683A699A6185
:108E9800FB687A691A6200BF1C37BD465DF8047B1F
:108EA800704780B485B000AF786039607B689B6894
:108EB800FB60FB6823F4401323F07003FB603A68FF
:108EC800FB68134343F00703FB607B68FA689A600A
:108ED80000BF1437BD465DF8047B704780B487B087
:108EE80000AFF860B9607A603B60FB689B687B61A3
:108EF8007B6923F47F437B613B681A027B681A43D2
:108F0800BB6813437A6913437B61FB687A699A608B
:108F180000BF1C37BD465DF8047B704780B586B03E
:108F280000AFF860B9607A60FB682D4A934220D0A0
:108F3800FB68B3F1804F1CD0FB682A4A934218D0D3
:108F4800FB68294A934214D0FB68284A934210D000
:108F5800FB68274A93420CD0FB68264A934208D004
:108F6800FB68254A934204D041F681712348F7F7FC
:108F7800F6FCBB68002B16D0BB68042B13D0BB686B
:108F8800082B10D0BB680C2B0DD0BB68102B0AD057
:108F9800BB68142B07D0BB683C2B04D041F6827108
:108FA8001648F7F7DCFCBB6803F01F03012202FA3E
:108FB80003F37B61FB681A6A7B69DB431A40FB6831
:108FC8001A62FB681A6ABB6803F01F03796801FA22
:108FD80003F31A43FB681A6200BF1837BD4680BD09
:108FE800002C01400004004000080040003401400B
:108FF800004001400044014000480140F49B000843
:1090080080B584B000AF786039607B681B686F4AB0
:1090180093420BD13B68002B36D03B68042B33D0EE
:109028003B68082B30D03B680C2B2DD07B681B6825
:10903800674A93420BD13B68002B25D03B68042B31
:1090480022D03B68082B1FD03B680C2B1CD07B68B8
:109058001B68604A934202D13B68002B14D07B689E
:109068001B685D4A934202D13B68002B0CD07B6899
:109078001B685A4A934202D13B68002B04D040F245
:1090880094415748F7F76BFC3B68002B09D17B6884
:1090980093F84430DBB2012B14BF01230023DBB269
:1090A80022E03B68042B09D17B6893F84530DBB29A
:1090B800012B14BF01230023DBB215E03B68082B0A
:1090C80009D17B6893F84630DBB2012B14BF01232A
:1090D8000023DBB208E07B6893F84730DBB2012B52
:1090E80014BF01230023DBB2002B01D0012369E068
:1090F8003B68002B04D17B68022283F8442013E0EC
:109108003B68042B04D17B68022283F845200BE0DE
:109118003B68082B04D17B68022283F8462003E0D1
:109128007B68022283F847207B681B680422396821
:10913800184600F015FB7B681B685A6C7B681B6837
:1091480042F400425A647B681B68204A934218D054
:109158007B681B68B3F1804F13D07B681B68214A7A
:1091680093420ED07B681B681F4A934209D07B68E4
:109178001B68174A934204D07B681B68154A9342C0
:1091880015D17B681B689A68184B1340FB60FB6815
:10919800062B15D0FB68B3F5803F11D07B681B68A0
:1091A8001A687B681B6842F001021A6008E07B6855
:1091B8001B681A687B681B6842F001021A6000E0AD
:1091C80000BF002318461037BD4680BD002C014063
:1091D8000034014000400140004401400048014083
:1091E8006C9C0008000400400008004007000100D3
:1091F80080B584B000AF786039607B681B68344AFA
:10920800934227D07B681B68B3F1804F22D07B68DC
:109218001B68304A93421DD07B681B682E4A9342D4
:1092280018D07B681B682D4A934213D07B681B6853
:109238002B4A93420ED07B681B682A4A934209D076
:109248007B681B68284A934204D040F68B01274864
:10925800F7F785FB3B681B68002B25D03B681B682C
:10926800102B21D03B681B68202B1DD03B681B6846
:10927800302B19D03B681B68402B15D03B681B6806
:10928800502B11D03B681B68602B0DD03B681B68C6
:10929800702B09D03B681B68B3F1007F04D040F6FF
:1092A8008C011248F7F75BFB3B689B68802B08D062
:1092B8003B689B68002B04D040F68D010B48F7F7FC
:1092C8004EFB7B6893F83C30012B11D10223CEE092
:1092D800002C01400004004000080040001000403D
:1092E8000014004000340140004001406C9C00081C
:1092F8007B68012283F83C207B68022283F83D20AA
:109308007B681B685B68FB607B681B689B68BB604D
:109318007B681B68584A934204D07B681B68574A8D
:10932800934261D13B685B68002B54D03B685B6813
:10933800B3F5801F4FD03B685B68B3F5001F4AD078
:109348003B685B68B3F5401F45D03B685B68B3F585
:10935800800F40D03B685B68B3F5A00F3BD03B68FB
:109368005B68B3F5C00F36D03B685B68B3F5C00FD8
:1093780031D03B685B68B3F5E00F2CD03B685B6885
:10938800B3F5000F27D03B685B68B3F5100F22D008
:109398003B685B68B3F5200F1DD03B685B68B3F58D
:1093A800300F18D03B685B68B3F5400F13D03B68AB
:1093B8005B68B3F5500F0ED03B685B68B3F5600F80
:1093C80009D03B685B68B3F5700F04D040F69F0185
:1093D8002B48F7F7C4FAFB6823F47003FB603B687B
:1093E8005B68FA681343FB60FB6823F0007323F0A3
:1093F8007003FB603B681B68FA681343FB607B687B
:109408001B68FA685A607B681B681B4A934218D02D
:109418007B681B68B3F1804F13D07B681B68194ABF
:1094280093420ED07B681B68174A934209D07B6829
:109438001B68124A934204D07B681B68134A934204
:109448000CD1BB6823F08003BB603B689B68BA689B
:109458001343BB607B681B68BA689A607B6801220B
:1094680083F83D207B68002283F83C2000231846BF
:109478001037BD4680BD00BF002C014000340140BC
:109488006C9C0008000400400008004000400140B7
:1094980080B584B000AF786039600023FB607B68DA
:1094A8001B68504A934218D07B681B684E4A934207
:1094B80013D07B681B684D4A93420ED07B681B68AB
:1094C8004B4A934209D07B681B684A4A934204D0AE
:1094D80040F6D4014848F7F742FA3B681B68B3F5F1
:1094E800006F08D03B681B68002B04D040F6D501FC
:1094F8004148F7F734FA3B685B68B3F5806F08D0EA
:109508003B685B68002B04D040F6D6013A48F7F771
:1095180026FA3B689B68002B13D03B689B68B3F521
:10952800807F0ED03B689B68B3F5007F09D03B680D
:109538009B68B3F5407F04D040F6D7012E48F7F773
:109548000EFA3B68DB68FF2B04D940F6D8012A489D
:10955800F7F705FA3B681B69B3F5805F08D03B68ED
:109568001B69002B04D040F6D9012348F7F7F7F917
:109578003B685B69002B09D03B685B69B3F5005F0A
:1095880004D040F6DA011C48F7F7E9F93B689B6913
:109598000F2B04D940F6DB011748F7F7E0F93B68D1
:1095A8001B6BB3F5804F08D03B681B6B002B04D0B6
:1095B80040F6DC011048F7F7D2F93B68DB69002B6D
:1095C80009D03B68DB69B3F1805F04D040F6DD0168
:1095D8000948F7F7C4F97B6893F83C30012B0DD1A3
:1095E8000223B2E0002C0140003401400040014059
:1095F80000440140004801406C9C00087B6801223F
:1096080083F83C20FB6823F0FF023B68DB681343C8
:10961800FB60FB6823F440723B689B681343FB6064
:10962800FB6823F480623B685B681343FB60FB685C
:1096380023F400623B681B681343FB60FB6823F458
:1096480080523B681B691343FB60FB6823F400529C
:109658003B685B691343FB60FB6823F480423B680B
:109668001B6B1343FB60FB6823F470223B689B6908
:109678001B041343FB60FB6823F080523B68DB69E3
:109688001343FB607B681B68324A934204D07B68B3
:109698001B68314A93424FD13B681B6AB3F1807F04
:1096A80008D03B681B6A002B04D040F6F3012B4816
:1096B800F7F755F93B685B6A002B09D03B685B6A92
:1096C800B3F1007F04D040F6F4012448F7F747F9D6
:1096D8003B689B6A0F2B04D940F6F5011F48F7F742
:1096E8003EF93B68DB6A002B09D03B68DB6AB3F1C3
:1096F800005F04D040F6F6011848F7F730F9FB6828
:1097080023F470023B689B6A1B051343FB60FB68EC
:1097180023F080723B681B6A1343FB60FB6823F0ED
:1097280000723B685B6A1343FB60FB6823F00052DE
:109738003B68DB6A1343FB607B681B68FA685A6402
:109748007B68002283F83C20002318461037BD466A
:1097580080BD00BF002C0140003401406C9C000813
:1097680080B487B000AFF860B9607A60BB6803F076
:109778000F03042202FA03F37B61FB681A6A7B6910
:10978800DB431A40FB681A62FB681A6ABB6803F07D
:109798000F03796801FA03F31A43FB681A6200BFE2
:1097A8001C37BD465DF8047B7047000070B50D4D51
:1097B8000D4C641BA4100026A64209D10B4D0C4C7D
:1097C80000F020F8641BA4100026A64205D170BD45
:1097D80055F8043B98470136EEE755F8043B98479F
:1097E8000136F2E700000000000000000000000061
:1097F8000000000002440346934200D1704703F87A
:10980800011BF9E7F8B500BFF8BC08BC9E467047D5
:10981800F8B500BFF8BC08BC9E4670472F686F6D4E
:10982800652F737465702F4553435F746F6F6C6B4E
:1098380069742F4553435F544F4F4C4B49545F5401
:1098480041524745545F53544D33324734333152B4
:10985800422F53544D33324375626547342F447257
:1098680069766572732F53544D3332473478785F75
:1098780048414C5F4472697665722F5372632F7347
:10988800746D3332673478785F68616C5F616463E4
:109898005F65782E630000002F686F6D652F737405
:1098A80065702F4553435F746F6F6C6B69742F45F8
:1098B80053435F544F4F4C4B49545F5441524745B3
:1098C800545F53544D33324734333152422F53543B
:1098D8004D33324375626547342F44726976657239
:1098E800732F53544D3332473478785F48414C5F77
:1098F8004472697665722F5372632F73746D3332B5
:10990800673478785F68616C5F6164632E63000018
:109918002F686F6D652F737465702F4553435F749F
:109928006F6F6C6B69742F4553435F544F4F4C4BAB
:1099380049545F5441524745545F53544D3332475D
:1099480034333152422F53544D3332437562654795
:10995800342F447269766572732F53544D333247EE
:109968003478785F48414C5F4472697665722F534A
:1099780072632F73746D3332673478785F68616C03
:109988005F646D612E6300002F686F6D652F7374BF
:1099980065702F4553435F746F6F6C6B69742F4507
:1099A80053435F544F4F4C4B49545F5441524745C2
:1099B800545F53544D33324734333152422F53544A
:1099C8004D33324375626547342F44726976657248
:1099D800732F53544D3332473478785F48414C5F86
:1099E8004472697665722F5372632F73746D3332C4
:1099F800673478785F68616C5F7263635F65782E3F
:109A0800630000002F686F6D652F737465702F45B4
:109A180053435F746F6F6C6B69742F4553435F5486
:109A28004F4F4C4B49545F5441524745545F535430
:109A38004D33324734333152422F53544D3332432E
:109A480075626547342F447269766572732F535473
:109A58004D3332473478785F48414C5F44726976B9
:109A680065722F5372632F73746D3332673478784D
:109A78005F68616C5F7263632E6300002F686F6DAF
:109A8800652F737465702F4553435F746F6F6C6BEC
:109A980069742F4553435F544F4F4C4B49545F549F
:109AA80041524745545F53544D3332473433315252
:109AB800422F53544D33324375626547342F4472F5
:109AC80069766572732F53544D3332473478785F13
:109AD80048414C5F4472697665722F5372632F73E5
:109AE800746D3332673478785F68616C5F636F7266
:109AF8007465782E630000002F686F6D652F73748E
:109B080065702F4553435F746F6F6C6B69742F4595
:109B180053435F544F4F4C4B49545F544152474550
:109B2800545F53544D33324734333152422F5354D8
:109B38004D33324375626547342F447269766572D6
:109B4800732F53544D3332473478785F48414C5F14
:109B58004472697665722F5372632F73746D333252
:109B6800673478785F68616C5F6770696F2E63002F
:109B78002F686F6D652F737465702F4553435F743D
:109B88006F6F6C6B69742F4553435F544F4F4C4B49
:109B980049545F5441524745545F53544D333247FB
:109BA80034333152422F53544D3332437562654733
:109BB800342F447269766572732F53544D3332478C
:109BC8003478785F48414C5F4472697665722F53E8
:109BD80072632F73746D3332673478785F68616CA1
:109BE8005F7077725F65782E630000002F686F6D75
:109BF800652F737465702F4553435F746F6F6C6B7B
:109C080069742F4553435F544F4F4C4B49545F542D
:109C180041524745545F53544D33324734333152E0
:109C2800422F53544D33324375626547342F447283
:109C380069766572732F53544D3332473478785FA1
:109C480048414C5F4472697665722F5372632F7373
:109C5800746D3332673478785F68616C5F74696DEE
:109C68002E6300002F686F6D652F737465702F4524
:109C780053435F746F6F6C6B69742F4553435F5424
:109C88004F4F4C4B49545F5441524745545F5354CE
:109C98004D33324734333152422F53544D333243CC
:109CA80075626547342F447269766572732F535411
:109CB8004D3332473478785F48414C5F4472697657
:109CC80065722F5372632F73746D333267347878EB
:109CD8005F68616C5F74696D5F65782E6300000072
:109CE8000000000000000000010203040607080944
:0C9CF8000024F400100000000100000037
:0400000508000DE101
:00000001FF
